KundeID,Firmanavn,Adresse,Land
1,Friis & Søn ApS,"Kaprifolie Allé 7
8421 Marstal",Denmark
2,Nielsen & Søn A/S,"Hjørringvej 473
3233 Herlufmagle",Denmark
3,Kristiansen & Larsen ApS,"Ilfordgade 20
3600 Ryomgård",Denmark
4,Søndergaard & Søn ApS,"Tryggevældevej 24
7536 Kirke Hyllinge",Denmark
5,Hermansen A/S,"Nordre Fasangade 36
4244 Tranekær",Denmark
6,Bruun & Søn A/S,"Hannovergade 5
7092 Roslev",Denmark
7,Carlsen & Jespersen ApS,"Ny Vestervej 23
7728 Hvalsø",Denmark
8,Clausen & Søn ApS,"Valløvej 8
9269 Dalby",Denmark
9,Nilsson ApS,"Sølvvej 3
9466 Greve Strand",Denmark
10,Thorsen & Søn ApS,"Sigbritsgade 389
7213 Fakse",Denmark
11,Carlsen & Søn A/S,"Tovelillevej 422
5278 Hjortshøj",Denmark
12,Knudsen & Søn A/S,"Brolægger Allé 264
4035 Smørum",Denmark
13,Olsen & Jacobsen ApS,"Larsbjørnsvej 316
8923 Frederiksberg",Denmark
14,Christiansen & Nilsson ApS,"Sundholmsgade 3
6973 Tårs",Denmark
15,Krogh & Vestergaard A/S,"Sakskøbing Allé 2
4802 Stoholm",Denmark
16,Friis & Søn A/S,"Skånestræde 940
5423 Blommenslyst",Denmark
17,Schou & Knudsen ApS,"Vanløse Bystræde 7
2677 Padborg",Denmark
18,Nørgaard ApS,"Rødelands Allé 698
6141 Stubbekøbing",Denmark
19,Jepsen & Søn ApS,"Slotsholms Allé 9
5029 Bogø By",Denmark
20,Sørensen A/S,"Blåbærvej 487
6806 Vejstrup",Denmark
21,Berg & Søn A/S,"Nokken Hovednvej 959
7699 Tårs",Denmark
22,Jacobsen & Kristoffersen ApS,"Tølløsegade 50
4859 Mern",Denmark
23,Nørgaard & Søn ApS,"Ruggade 166
5174 Tilst",Denmark
24,Jacobsen & Johnsen A/S,"Lautrupsvej 2
3378 Lem",Denmark
25,Vestergaard & Søn A/S,"Folke Bernadottes Allé 501
6278 Vonge",Denmark
26,Mortensen & Schmidt A/S,"Grækenlandsvej 676
1724 Gredstedbro",Denmark
27,Simonsen A/S,"Bartholinsvej 9
3502 Pandrup",Denmark
28,Sørensen & Søn A/S,"Sønderviggade 363
5579 Jerslev",Denmark
29,Frandsen & Nissen A/S,"Overn Neden Vandetvej 129
5110 Brønshøj",Denmark
30,Karlsen & Sørensen ApS,"Clausholm Allé 9
9409 Ryslinge",Denmark
31,Kristensen A/S,"Godthåbsstræde 27
6638 Skødstrup",Denmark
32,Johnsen & Jespersen A/S,"Rosenvængets Hovedstræde 95
2982 Fakse",Denmark
33,Iversen A/S,"Åløkkegade 574
8159 Vonge",Denmark
34,Bech ApS,"Hannovergade 704
1089 Stakroge",Denmark
35,Kristensen A/S,"Haraldsvej 56
4863 Jyllinge",Denmark
36,Laursen A/S,"Arnesvej 915
6087 Årre",Denmark
37,Henriksen & Jepsen ApS,"Følfodgade 114
9953 Vils",Denmark
38,Larsen ApS,"Kongedybsgade 4
3848 Nykøbing Sj",Denmark
39,Bach & Madsen A/S,"Stefansgade 224
5625 Ulfborg",Denmark
40,Jacobsen & Søn ApS,"Slotsholmsvej 683
9135 Lille Skensved",Denmark
41,Jessen & Søn A/S,"Reventlowsstræde 211
1655 Vonge",Denmark
42,Dahl & Mathiesen A/S,"Ny Adelgade 50
1509 Nyrup",Denmark
43,Hermansen & Søn ApS,"Stenrosevej 602
3727 Mørkøv",Denmark
44,Schultz & Lauridsen A/S,"Katholmgade 8
3215 Rødvig Stevns",Denmark
45,Mathiesen A/S,"Bangsbogade 867
3621 Østbirk",Denmark
46,Steffensen A/S,"Nybovej 19
7434 Kolind",Denmark
47,Jessen & Søn A/S,"Hans Bogbinders Allé 2
1126 Vesterborg",Denmark
48,Lind & Berg ApS,"Malta Allé 8
6079 Glostrup",Denmark
49,Jensen & Søn ApS,"Toftegårdsvej 794
3648 Århus",Denmark
50,Henriksen A/S,"Hovmål Allé 72
5234 Tistrup",Denmark
51,Sørensen & Jakobsen A/S,"Irlandsgade 828
1128 Gedsted",Denmark
52,Lassen & Mortensen ApS,"Fengersgade 620
3396 Haderup",Denmark
53,Henriksen & Søn ApS,"Hellebæk Allé 94
4789 Ørsted",Denmark
54,Iversen & Eriksen ApS,"Højsagergade 675
1490 Hurup Thy",Denmark
55,Jakobsen & Søn ApS,"Sylviavej 461
2555 Støvring",Denmark
56,Schmidt & Søn A/S,"Klosterrisgade 76
2999 Hjortshøj",Denmark
57,Ravn & Møller A/S,"Landehjælpgade 4
8179 Rørvig",Denmark
58,Kjeldsen & Søn ApS,"Tagensvej 15
5148 Svinninge",Denmark
59,Hermansen ApS,"Soltoftegade 6
7421 Måløv",Denmark
60,Kjeldsen & Søn ApS,"Lembergvej 4
5269 Rønnede",Denmark
61,Schmidt & Søn A/S,"Herbergenvej 30
3448 Tranbjerg J",Denmark
62,Jakobsen ApS,"Bækkeskovvej 84
4943 Skagen",Denmark
63,Østergaard ApS,"Serbiensvej 9
8168 Store Heddinge",Denmark
64,Møller & Søn A/S,"Bordeauxgade 374
1885 Tappernøje",Denmark
65,Lassen & Søn A/S,"Langelinievej 74
6234 Roslev",Denmark
66,Rasmussen & Mogensen A/S,"Femkløvervej 1
2426 Gadbjerg",Denmark
67,Holm & Rasmussen A/S,"Merløsegade 48
1542 Vordingborg",Denmark
68,Kjær & Søn ApS,"Fussingsvej 300
9704 Glumsø",Denmark
69,Svendsen & Søn A/S,"Hveensvej 8
9649 Rørvig",Denmark
70,Andersen A/S,"Grønløkkestræde 9
9295 Farum",Denmark
71,Ravn & Søn A/S,"Fremadsvej 4
8592 Lundby",Denmark
72,Kristensen & Søn A/S,"Borthigs Allé 299
5429 Hjerm",Denmark
73,Steffensen & Jeppesen ApS,"Klaipedagade 630
6600 Munke Bjergby",Denmark
74,Paulsen ApS,"Langhusvej 387
1619 Føllenslev",Denmark
75,Koch & Søn A/S,"Frilandsvej 1
7926 Vester Skerninge",Denmark
76,Pedersen A/S,"Sankelmarksvej 88
2737 Farum",Denmark
77,Kjeldsen & Søn A/S,"Tullinsgade 714
1665 Vejstrup",Denmark
78,Koch & Søn A/S,"Fyrbøder Allé 45
4731 Bylderup-Bov",Denmark
79,Andersen A/S,"Ingerslevsgade 57
1526 Havdrup",Denmark
80,Jeppesen & Laursen A/S,"Borneovej 9
9158 Aars",Denmark
81,Kristoffersen & Østergaard A/S,"Bogensevej 800
9180 Ruds Vedby",Denmark
82,Mathiasen ApS,"Dybendalsvej 94
5211 Bredsten",Denmark
83,Jespersen ApS,"Vognborgvej 217
9747 Christiansfeld",Denmark
84,Nørgaard & Søn ApS,"Hjelms Allé 882
7939 Fårvang",Denmark
85,Christoffersen & Søn ApS,"Elstargade 44
1394 Spjald",Denmark
86,Friis & Christiansen A/S,"Jægersprisvej 4
1371 Holsted",Denmark
87,Carlsen & Søn A/S,"Tovelillevej 422
5278 Hjortshøj",Denmark
88,Bertelsen ApS,"Vendsysselgade 775
5911 Støvring",Denmark
89,Winther & Jessen A/S,"Dalslandsgade 8
9977 Hejnsvig",Denmark
90,Steffensen & Søn ApS,"Bjergmarksstræde 241
8026 Tappernøje",Denmark
91,Schultz & Søn A/S,"Sofievej 6
1356 Gislinge",Denmark
92,Dam & Søn ApS,"Lille Istedstræde 434
6684 Slagelse",Denmark
93,Andresen & Søn A/S,"Vendsysselgade 719
8046 Hadsten",Denmark
94,Jessen & Søn A/S,"Magdelonevej 713
6171 Bækmarksbro",Denmark
95,Christoffersen & Søn A/S,"Tjørnevej 9
7302 Blommenslyst",Denmark
96,Christensen & Søn ApS,"Skånevej 7
8148 Dronningmølle",Denmark
97,Mortensen A/S,"Hørtoftegade 7
8155 Aalestrup",Denmark
98,Mathiasen & Poulsen ApS,"Dige Allé 91
4311 Bramming",Denmark
99,Søndergaard ApS,"Uralvej 535
2836 Sorring",Denmark
100,Danielsen & Frederiksen ApS,"Støvnæsvej 1
9519 Løgstør",Denmark
101,Christiansen & Søn A/S,"Svalehalegade 60
4923 Aars",Denmark
102,Brandt A/S,"Mælkeenvej 4
2367 Gudme",Denmark
103,Schmidt & Jacobsen ApS,"Hobrogade 76
8282 Kalundborg",Denmark
104,Thygesen A/S,"Bogenæsstræde 86
7495 Galten",Denmark
105,Simonsen ApS,"Snertingevej 534
9039 Tistrup",Denmark
106,Bech & Søn ApS,"Ny Kongens Allé 716
2438 Egtved",Denmark
107,Madsen A/S,"Vognborgvej 21
6189 Broby",Denmark
108,Poulsen ApS,"Østersø Allé 970
8880 Esbjerg",Denmark
109,Henriksen & Petersen ApS,"Ansgarsvej 368
4106 Gedser",Denmark
110,Andresen ApS,"Landehjælpstræde 457
9859 Lille Skensved",Denmark
111,Holm & Dam ApS,"Bodilsgade 7
3094 Oure",Denmark
112,Dahl & Søn ApS,"Ejderstedvej 414
6135 Haarby",Denmark
113,Pedersen & Søn A/S,"Teglholm Tvær Allé 72
7292 Hanstholm",Denmark
114,Clausen & Søn ApS,"Brammingestræde 8
3310 Dronninglund",Denmark
115,Møller & Christensen ApS,"Grønrisvej 49
3132 Hampen",Denmark
116,Mikkelsen ApS,"Æbeløvej 34
7691 Aulum",Denmark
117,Madsen & Søn A/S,"Rismosevej 38
9778 Asnæs",Denmark
118,Johnsen & Schmidt A/S,"Mørkhøjstræde 4
9295 Helsingør",Denmark
119,Laursen ApS,"Lombardivej 768
2441 Løgstrup",Denmark
120,Møller & Søn A/S,"Aarestrupsgade 7
4168 Borup",Denmark
121,Thomsen & Søn ApS,"Grækenlandsvej 679
9400 Gedser",Denmark
122,Schultz A/S,"Risbyholmvej 410
8252 Gjerlev",Denmark
123,Bruun & Iversen ApS,"Uralgade 234
3903 Kalundborg",Denmark
124,Bach & Møller A/S,"Sallingstræde 1
2160 Låsby",Denmark
125,Poulsen & Søn ApS,"P.D. Løvsgade 53
3215 Ryslinge",Denmark
126,Schmidt A/S,"Sigurdsgade 5
6752 Stubbekøbing",Denmark
127,Ravn & Kristiansen ApS,"Degneæblegade 510
4498 Dronningmølle",Denmark
128,Johansen & Søn A/S,"Rantzausgade 7
5892 Hejls",Denmark
129,Kjær & Clausen ApS,"Amagermotorenvej 2
5345 Aakirkeby",Denmark
130,Pedersen & Ravn ApS,"Skippingegade 9
2691 Skibby",Denmark
131,Jespersen & Søn ApS,"Lindenovs Allé 48
5849 Hovborg",Denmark
132,Bach A/S,"Gyvelvej 868
4221 Karise",Denmark
133,Gregersen & Poulsen A/S,"Stampes Allé 382
3168 Mern",Denmark
134,Krogh ApS,"Toftøjegade 69
9358 Eskilstrup",Denmark
135,Koch & Søn A/S,"Spartagade 613
4350 Gadbjerg",Denmark
136,Jespersen & Søn ApS,"Tyrolsvej 456
4248 Nexø",Denmark
137,Krogh & Thorsen ApS,"Rigensgade 1
1073 Broager",Denmark
138,Thorsen & Søn ApS,"Edelsmindestræde 1
2392 Langebæk",Denmark
139,Nørgaard ApS,"Nørretoftevej 76
9828 Løgumkloster",Denmark
140,Holm A/S,"Rosenvængets Hovedgade 3
6255 København",Denmark
141,Sørensen & Søn A/S,"Bangertsstræde 630
3489 Kirke Hyllinge",Denmark
142,Steffensen & Kristiansen A/S,"Urbansvej 1
8960 Ryomgård",Denmark
143,Friis ApS,"Floras Allé 5
1709 Frederikssund",Denmark
144,Svendsen & Jepsen ApS,"Brydesgade 645
6784 Gudbjerg",Denmark
145,Thomsen & Søn ApS,"Store Søndervoldstræde 15
5474 Hejls",Denmark
146,Sørensen ApS,"Bomhusvej 69
7395 Dybvad",Denmark
147,Bruun ApS,"Tudsemindevej 3
4850 Hadsund",Denmark
148,Lund & Søn A/S,"Dybendalsstræde 781
6903 Solrød Strand",Denmark
149,Karlsen & Søn ApS,"Krogagervej 68
3121 Rønnede",Denmark
150,Thorsen & Laursen ApS,"Haraldstedgade 437
5817 Jystrup",Denmark
151,Eriksen ApS,"Pindosstræde 147
7767 Gudbjerg",Denmark
152,Christiansen A/S,"Brohusvej 5
7661 Holeby",Denmark
153,Steffensen & Søn ApS,"Selsøstræde 25
2387 Odense",Denmark
154,Nilsson & Søn ApS,"Reventlowsstræde 686
6000 Ranum",Denmark
155,Andersen & Søn ApS,"Bryggervej 95
6849 Tappernøje",Denmark
156,Ravn ApS,"Bispebjerg Allé 93
3536 Bækmarksbro",Denmark
157,Jessen & Nielsen A/S,"Våningsvej 6
8255 Hvidovre",Denmark
158,Johnsen & Søn ApS,"Øselsgade 51
3307 Uldum",Denmark
159,Svendsen A/S,"Hveensvej 31
5999 Rørvig",Denmark
160,Paulsen & Madsen A/S,"Katrinedalsstræde 5
7155 Store Merløse",Denmark
161,Thorsen A/S,"Præstemarksgade 306
4429 Rødvig Stevns",Denmark
162,Overgaard A/S,"Aberdeenstræde 75
3057 Sørvad",Denmark
163,Danielsen ApS,"Svankærgade 489
4650 Vallensbæk",Denmark
164,Schultz & Vestergaard ApS,"Leifsvej 9
4927 Allingåbro",Denmark
165,Olesen & Søn A/S,"Blåmejsestræde 25
3364 Spenstrup",Denmark
166,Iversen A/S,"Sternberggade 28
9356 Roskilde",Denmark
167,Simonsen & Søn ApS,"Nybrovej 2
3612 Bagenkop",Denmark
168,Koch & Jacobsen A/S,"Beethovensvej 4
7248 Egtved",Denmark
169,Schmidt A/S,"Annebergvej 9
8606 Langå",Denmark
170,Frandsen & Hansen ApS,"Egevej 523
9968 Marslev",Denmark
171,Larsen & Danielsen ApS,"Ravneholmsgade 27
3920 Søborg",Denmark
172,Lind A/S,"Tværagergade 8
2766 Ishøj",Denmark
173,Karlsen A/S,"Ravennavej 45
4716 Rødvig Stevns",Denmark
174,Mikkelsen A/S,"Bjernedevej 8
2582 Hirtshals",Denmark
175,Sørensen & Søn ApS,"Væbnerstræde 58
1976 Sindal",Denmark
176,Nilsson & Søn A/S,"Ferskenvej 54
9749 Kruså",Denmark
177,Toft & Søn ApS,"Fehmernsstræde 7
8306 Solrød Strand",Denmark
178,Klausen ApS,"Asylvej 95
2322 Søndersø",Denmark
179,Olesen & Henriksen ApS,"Vestmannastræde 125
7910 Tinglev",Denmark
180,Paulsen & Søn ApS,"Belgiensvej 4
2331 Vig",Denmark
181,Mikkelsen ApS,"Siljanvej 45
4234 Fjerritslev",Denmark
182,Bertelsen ApS,"Thyrasgade 922
2960 Egtved",Denmark
183,Holst A/S,"Frederiksbergvej 8
7159 Ans by",Denmark
184,Kjær ApS,"Tingskrivergade 9
1422 Svendborg",Denmark
185,Bach & Dam ApS,"Nannasgade 525
2905 Tisvildeleje",Denmark
186,Carlsen & Søn A/S,"Burmeistersvej 4
5762 Stenderup",Denmark
187,Jepsen A/S,"Bernstorffsvej 893
1161 Karby",Denmark
188,Ravn A/S,"Tjæreby Allé 3
5136 Korsør",Denmark
189,Christoffersen & Søn ApS,"Trekløvervej 1
4733 Nykøbing M",Denmark
190,Svendsen & Søn ApS,"Krokodille Allé 4
2005 Hornslet",Denmark
191,Carlsen & Søn A/S,"Tovelillevej 422
5278 Hjortshøj",Denmark
192,Andreasen ApS,"Tagensvej 509
4829 Dalby",Denmark
193,Jacobsen A/S,"Bohrsgade 39
7894 Liseleje",Denmark
194,Thomsen & Simonsen ApS,"Egils Allé 633
8502 Anholt",Denmark
195,Petersen & Søn A/S,"Grevingevej 1
8788 Redsted",Denmark
196,Jessen & Søn ApS,"Beethovensvej 30
5775 Outrup",Denmark
197,Brandt ApS,"Allersgade 29
3126 Odder",Denmark
198,Kjær ApS,"Emblasvej 6
3859 Barrit",Denmark
199,Steffensen & Johansen ApS,"Slotsherrensvej 222
9653 Kolding",Denmark
200,Karlsen A/S,"Ullerup Allé 675
2150 Bogense",Denmark
201,Laursen ApS,"Spaniensvej 5
3246 Errindlev",Denmark
202,Henriksen ApS,"Jægergade 4
1306 Stenstrup",Denmark
203,Danielsen A/S,"Bredahls Allé 634
8732 Fur",Denmark
204,Bech & Laursen A/S,"Stavangervej 66
7601 Vils",Denmark
205,Bruun ApS,"Tudsemindevej 3
4850 Hadsund",Denmark
206,Nørgaard & Søn ApS,"Solitudevej 87
4532 Glumsø",Denmark
207,Vestergaard & Bertelsen ApS,"Biens Allé 467
5141 Hejls",Denmark
208,Nilsson & Nielsen ApS,"Kongshøjvej 330
8322 Horbelev",Denmark
209,Friis & Søn ApS,"Hansstedvej 75
1273 Grevinge",Denmark
210,Rasmussen A/S,"Veksøstræde 43
1642 Frederiksværk",Denmark
211,Larsen AS,"Holmalléen 8, 4859 Malinvik",Norway
212,Strøm-Kristiansen,"Danielsenskogen 76B, 7293 Bjørndal",Norway
213,Gundersen Gruppen,"Jenssenekra 27, 2002 Roarfoss",Norway
214,Berg & co.,"Hanssenhaugen 6, 3569 Hagen",Norway
215,Pettersen BA,"Jakobsenvollen 9, 8595 Simendal",Norway
216,Jensen Gruppen,"Brekkespranget 41C, 2117 Evaborg",Norway
217,"Jenssen, Lie og Tveit","Arnesenåsen 39E, 9439 Alexandergrunn",Norway
218,Kristiansen BA,"Jørgensenhagen 551, 6385 Ellingsen",Norway
219,"Danielsen, Lunde og Kristensen","Johansenmarka 4, 7172 Steinarborg",Norway
220,Bøe-Bøe,"Berntsengropa 4, 3428 Hansby",Norway
221,Paulsen-Nguyen AS,"Jacobsentoppen 6, 1720 Sirifjell",Norway
222,Simonsen og Sønner,"Holmholtet 9, 6974 Eriksen",Norway
223,Eriksen & co.,"Simonsenhagen 5, 2232 Wenchesjøen",Norway
224,Hauge-Kristiansen BA,"Larsenmoen 2, 9745 Mariberg",Norway
225,Berge & co.,"Moevollen 84, 8486 Vildefjell",Norway
226,Berge-Lie,"Tveithøgda 7, 6764 Grethevåg",Norway
227,Bakken Gruppen,"Holmekra 2, 7565 Johannesfjell",Norway
228,Johnsen-Halvorsen,"Strandtunet 2, 3335 Mathisen",Norway
229,Brekke-Haug AS,"Næssskrenten 22, 8728 Frankby",Norway
230,Ali AS,"Danielsenringen 5, 9638 Håkonsand",Norway
231,Eide Gruppen,"Nguyenvollen 6, 2079 Tobiasøy",Norway
232,"Paulsen, Johnsen og Helland","Johnsenvika 9, 8994 Sofievik",Norway
233,Kristoffersen-Johannessen,"Sivertsengata 693, 9248 Abrahamsen",Norway
234,Solberg-Kristensen,"Hagentunet 21A, 7299 Bakken",Norway
235,Martinsen-Hanssen,"Arnesenalléen 636, 9750 Thomashavn",Norway
236,"Ellingsen, Aune og Tveit","Andreassenmyra 3, 5927 Gundersen",Norway
237,"Johansen, Gundersen og Amundsen","Olsengropa 9, 0932 Ninastad",Norway
238,Lunde-Haugland RFH,"Nguyenplassen 7B, 9008 Kennethbø",Norway
239,Haugland-Iversen,"Lienberget 5, 6010 Larsen",Norway
240,"Hauge, Danielsen og Strand","Myklebusthagen 45, 2384 Livsand",Norway
241,Haug-Rønning RFH,"Gundersentoppen 27C, 8493 Ødegård",Norway
242,Solheim-Abrahamsen & co.,"Sivertsenhagen 5, 4428 Pålstrøm",Norway
243,"Isaksen, Antonsen og Nielsen","Christensenberget 20, 4437 Nygård",Norway
244,Gulbrandsen og Sønner,"Holmspranget 7E, 8670 Næss",Norway
245,Hauge-Hauge & co.,"Larsengjerdet 6, 2990 Pedersen",Norway
246,Sivertsen-Isaksen ASA,"Paulsenplassen 6, 8930 Dahl",Norway
247,Ellingsen og Sønner,"Andresenvika 7C, 9259 Kristensen",Norway
248,Ahmed-Pettersen & co.,"Andersenalléen 4, 9784 Kristensen",Norway
249,"Lunde, Myhre og Fredriksen","Hanssenskrenten 7, 6295 Andreassen",Norway
250,Bakke-Aasen og Sønner,"Simonsenskrenten 5, 8561 Knutfjell",Norway
251,Sivertsen-Jacobsen,"Sivertsenlia 4, 0969 Mettestrøm",Norway
252,Jenssen-Gundersen,"Thomassenalléen 31, 5542 Ruud",Norway
253,Sæther-Aasen,"Jørgensengropa 98D, 0653 Karlsjøen",Norway
254,Berntsen & co.,"Larsenstubben 8, 1991 Sandvik",Norway
255,Thomassen Gruppen,"Kristiansenalléen 9, 4328 Adrianfjell",Norway
256,Amundsen-Arnesen,"Hanssengata 8B, 6988 Myklebust",Norway
257,Holm-Arnesen AS,"Jensenlunden 7B, 6857 Perhelle",Norway
258,Kristiansen-Lunde AS,"Holmhavna 7, 2603 Tonjevik",Norway
259,Vik Gruppen,"Birkelandhaugen 8, 9171 Unniås",Norway
260,Sørensen-Holm og Sønner,"Hauglandhaugen 4, 4210 Iversen",Norway
261,Kristensen-Lie AS,"Karlsenekra 92, 2966 Leneøy",Norway
262,Jenssen ASA,"Mikkelsenlyngen 8, 6020 Magnestrand",Norway
263,Henriksen ASA,"Moebråten 87, 3942 Johansen",Norway
264,Ali-Holm,"Hellandringen 3, 4257 Nilsen",Norway
265,Svendsen-Christensen & co.,"Hanssenjordet 76, 3588 Jakobsen",Norway
266,Andreassen Gruppen,"Ellingsenåsen 6, 1830 Pedersen",Norway
267,"Lie, Hanssen og Iversen","Johannessenlia 42, 3595 Gunnarstrøm",Norway
268,Næss-Andreassen & co.,"Martinsenvollen 24, 9160 Steinarhamn",Norway
269,Nygård BA,"Antonseneggen 091, 4685 Egilfjord",Norway
270,Amundsen & co.,"Vikjordet 6, 3599 Aasen",Norway
271,Haugland & co.,"Knutsenplassen 04, 9205 Livnes",Norway
272,"Ødegård, Haug og Ali","Tveitmarka 6, 9258 Solberg",Norway
273,Johannessen RFH,"Knudsenekra 99B, 3987 Engen",Norway
274,Karlsen Gruppen,"Halvorsenrøa 880, 5040 Siljestrøm",Norway
275,Myklebust & co.,"Danielsenstubben 13, 3182 Dahl",Norway
276,Myklebust Gruppen,"Bakkevollen 6, 6483 Sigridsjøen",Norway
277,Gundersen RFH,"Aasenstykket 4E, 8821 Alfgrunn",Norway
278,Bakke Gruppen,"Jensenmoen 01, 0219 Isaksen",Norway
279,"Solberg, Johnsen og Halvorsen","Jacobsensvingen 3A, 8442 Henriksen",Norway
280,"Andersen, Johansen og Birkeland","Aasplassen 4, 8914 Vildeodden",Norway
281,Dahl Gruppen,"Pedersentjernet 25, 7315 Jakobsen",Norway
282,Bakken Gruppen,"Holmekra 2, 7565 Johannesfjell",Norway
283,Andersen-Abrahamsen AS,"Fredriksenplassen 833, 4762 Oddfoss",Norway
284,Jenssen-Nielsen,"Eidegjerdet 3, 0771 Heidieid",Norway
285,Johnsen-Ali,"Kristensenhaugen 1, 4081 Berntsen",Norway
286,Christensen-Kristensen ASA,"Bergmyra 6, 8496 Vildedal",Norway
287,Tveit AS,"Andreassenløkka 03, 2217 Johannessen",Norway
288,Jensen ASA,"Karlsenberget 4, 7188 Rønning",Norway
289,Johansen AS,"Ahmedhøgda 77, 3855 Strøm",Norway
290,"Antonsen, Martinsen og Henriksen","Kristoffersenvika 07, 9278 Alfhamn",Norway
291,Andresen og Sønner,"Hansentjernet 826, 0586 Åsefjell",Norway
292,Rønning og Sønner,"Thomassenfaret 8B, 4398 Runesund",Norway
293,Rønning-Helland og Sønner,"Aasenflata 7, 4966 Frankodden",Norway
294,"Knutsen, Aas og Aas","Eliassentoppen 4, 3556 Berntsen",Norway
295,Andreassen-Berge,"Solberggjerdet 3B, 5794 Martineid",Norway
296,Nguyen-Bakken RFH,"Haughaugen 42, 2448 Bjørnberg",Norway
297,Ruud & co.,"Mikkelsentoppen 9B, 8958 Fredrikvær",Norway
298,"Svendsen, Rønning og Johnsen","Edvardsentjernet 7H, 3361 Lindasund",Norway
299,Jensen Gruppen,"Lundhagen 74B, 4078 Karlhamn",Norway
300,Lund RFH,"Myklebustberget 98B, 9702 Andersen",Norway
301,Jensen-Halvorsen,"Jenssenhavna 11, 5086 Antonsen",Norway
302,"Ødegård, Moe og Madsen","Andreassensvingen 7, 5650 Marenfjord",Norway
303,Madsen-Paulsen BA,"Nielsenkollen 157, 9469 Svendsen",Norway
304,Strøm Gruppen,"Andreassenskrenten 546, 7061 Karolineeid",Norway
305,Pettersen Gruppen,"Lundeberget 6, 5905 Helgemark",Norway
306,Berg RFH,"Danielsengjerdet 80, 3512 Håvardås",Norway
307,Hansen RFH,"Ahmedstranda 82, 4791 Monicaøy",Norway
308,Antonsen BA,"Nygårdhøgda 5, 3014 Pettersen",Norway
309,"Berg, Thomassen og Jenssen","Edvardsenmyra 4, 1350 Alfhavn",Norway
310,Jenssen og Sønner,"Nilsenvika 65E, 6101 Nygård",Norway
311,Næss-Tangen,"Auneringen 499, 0576 Bjørnøy",Norway
312,Hauge AS,"Andresenlyngen 3, 3749 Kristoffersen",Norway
313,Hagen Gruppen,"Kristensenstien 6, 1315 Jensås",Norway
314,Madsen ASA,"Thorsenskrenten 2, 9861 Lineås",Norway
315,Brekke-Aas RFH,"Nygårdstubben 5, 5547 Halvorsen",Norway
316,Solberg-Andresen,"Lundvika 2C, 2266 Andershelle",Norway
317,Aas og Sønner,"Dahllunden 3, 3300 Mikkelsen",Norway
318,"Eliassen, Næss og Jørgensen","Nygårdsvingen 331, 9272 Haug",Norway
319,Strøm RFH,"Paulsenhavna 1, 5111 Sørensen",Norway
320,Eliassen-Pettersen,"Myklebustskogen 29, 3103 Mikkelsen",Norway
321,Brekke BA,"Fredriksenåsen 06, 6460 Pedersen",Norway
322,Mathisen Gruppen,"Lundtjernet 21, 2644 Ninastad",Norway
323,Aune BA,"Moeekra 685, 7514 Thorstrand",Norway
324,Sørensen og Sønner,"Sivertsengrenda 3, 2869 Næss",Norway
325,Dahl-Sæther og Sønner,"Lieberget 4, 6613 Gromark",Norway
326,Aas og Sønner,"Gulbrandsenvollen 12, 0101 Fredrikøy",Norway
327,Hagen Gruppen,"Johnsenvika 24C, 3512 Ruud",Norway
328,"Danielsen, Ali og Jensen","Sandvikstykket 729, 0359 Myhre",Norway
329,Andersen-Lunde,"Haugenbråten 64, 0341 Henriksen",Norway
330,Johnsen RFH,"Moentunet 36, 4746 Berg",Norway
331,Helland ASA,"Halvorsenplassen 602, 0419 Gunnsand",Norway
332,Madsen ASA,"Kristiansenjordet 449, 7285 Arildmark",Norway
333,Gulbrandsen-Halvorsen RFH,"Bakkenalléen 2, 6075 Ødegård",Norway
334,Eliassen Gruppen,"Nielsenplassen 69B, 8891 Moen",Norway
335,Knudsen-Aasen RFH,"Berntsenkollen 912, 8992 Jenssen",Norway
336,Ahmed AS,"Andresenbråten 16E, 1129 Fredriksen",Norway
337,Lie Gruppen,"Jakobsenlyngen 1, 7494 Ali",Norway
338,"Sandvik, Antonsen og Jenssen","Aasentunet 25, 3265 Astridborg",Norway
339,Helland-Mathisen RFH,"Myklebustringen 995, 6741 Elsehamn",Norway
340,Johansen AS,"Rasmussenvollen 81E, 4839 Simenvik",Norway
341,Nygård-Aas AS,"Johnsenmyra 5C, 6305 Adrianberg",Norway
342,Brekke Gruppen,"Olsengata 2, 5680 Haugen",Norway
343,Bøe RFH,"Myklebustringen 590, 9121 Hildevær",Norway
344,"Berge, Johannessen og Johnsen","Bakkenkroken 36C, 4584 Synnøvestrøm",Norway
345,Jenssen & co.,"Auneåsen 8, 8038 Ingridmark",Norway
346,Kristensen-Eriksen,"Nygårdåsen 15, 3259 Sandvik",Norway
347,Hagen RFH,"Lundhagen 2, 4325 Beritfoss",Norway
348,Thomassen og Sønner,"Fredriksengrenda 6, 0200 Myklebust",Norway
349,"Ali, Haugen og Johansen","Andreassenmarka 8, 9329 Frodefoss",Norway
350,Abrahamsen AS,"Larsenringen 52G, 8158 Hanssen",Norway
351,Johansson HB,"Kvarntorget 750
73994 Skövde",Sweden
352,Eriksson Franzén AB,"Åkervägen 3
19207 Linköping",Sweden
353,Karlsson & Johansson AB,"Björkvägen 16
48950 Linköping",Sweden
354,Karlsson & Jonsson HB,"Aspvägen 0
44454 Malmö",Sweden
355,Björk & Larsson AB,"Parkgatan 5
20028 Växjö",Sweden
356,Bergman & Lindgren AB,"Ekstigen 40
98456 Lund",Sweden
357,Fredriksson & Berglund HB,"Genstigen 1
97912 Borås",Sweden
358,Lindgren & Nilsson HB,"Skogsstigen 305
50834 Lidköping",Sweden
359,Aronsson & Johansson AB,"Järnvägsstigen 09
17179 Trollhättan",Sweden
360,Jonsson Nilsson AB,"Stationsgatan 351
72968 Sandviken",Sweden
361,Karlsson & Karlsson HB,"Bäckgatan 73
63221 Mölndal",Sweden
362,Lundqvist Svensson AB,"Industritorget 964
24817 Borås",Sweden
363,Johansson Persson HB,"Fabriksgatan 1
30453 Karlskrona",Sweden
364,Johannesson & Larsson AB,"Björktorget 889
56673 Skövde",Sweden
365,Jönsson Gustafsson HB,"Ängsgatan 72
98388 Borlänge",Sweden
366,Franzén & Lindberg HB,"Industrivägen 842
50854 Växjö",Sweden
367,Johansson & Mårtensson AB,"Åkergränd 48
77067 Mölndal",Sweden
368,Nilsson Nyström AB,"Skoltorget 86
48236 Motala",Sweden
369,Lundin AB,"Stationsgatan 1
67524 Karlskoga",Sweden
370,Augustsson HB,"Idrottsgränd 82
29832 Mölndal",Sweden
371,Mårtensson Andersson AB,"Stationsgatan 89
83691 Göteborg",Sweden
372,Klasson & Karlsson AB,"Gentorget 52
74832 Umeå",Sweden
373,Dahl Alm AB,"Aspvägen 7
76958 Linköping",Sweden
374,Blomqvist Jönsson AB,"Industrivägen 28
36253 Ängelholm",Sweden
375,Carlsson AB,"Grangränd 9
28308 Kristianstad",Sweden
376,Larsson Persson HB,"Genstigen 152
26269 Kristianstad",Sweden
377,Andersson Johansson AB,"Åkertorget 3
51521 Västerås",Sweden
378,Fredriksson & Persson HB,"Villavägen 47
95637 Östersund",Sweden
379,Karlsson & Nilsson HB,"Ängstorget 92
55467 Skellefteå",Sweden
380,Larsson Lindblom HB,"Skoltorget 31
78346 Växjö",Sweden
381,Claesson & Lundström HB,"Järnvägsvägen 02
36796 Mölndal",Sweden
382,Andersson & Olsson AB,"Asptorget 8
78059 Västerås",Sweden
383,Svensson Karlsson HB,"Skolgatan 00
96737 Kristianstad",Sweden
384,Andersson & Andersson HB,"Åkertorget 3
96937 Varberg",Sweden
385,Gustafsson AB,"Kvarntorget 632
50471 Lidingö",Sweden
386,Nilsson AB,"Granvägen 71
96385 Borlänge",Sweden
387,Karlsson HB,"Industrivägen 83
20847 Motala",Sweden
388,Nilsson Nilsson HB,"Stationsvägen 656
38076 Jönköping",Sweden
389,Larsson AB,"Strandtorget 4
40447 Helsingborg",Sweden
390,Johansson Lindqvist AB,"Aspgränd 387
30880 Falun",Sweden
391,Persson Sjöberg HB,"Åkergatan 39
72028 Falun",Sweden
392,Andersson AB,"Parkvägen 3
52468 Piteå",Sweden
393,Lundgren HB,"Villavägen 56
52013 Umeå",Sweden
394,Larsson & Persson HB,"Fabriksvägen 25
63315 Motala",Sweden
395,Jönsson HB,"Kyrktorget 14
19856 Göteborg",Sweden
396,Jönsson Lindgren AB,"Parkgatan 6
19008 Linköping",Sweden
397,Olsson Jonasson HB,"Backtorget 334
86136 Varberg",Sweden
398,Bergqvist Jonsson AB,"Industrigatan 92
12315 Uppsala",Sweden
399,Andersson & Björklund HB,"Backvägen 696
56143 Umeå",Sweden
400,Magnusson & Nordin AB,"Industritorget 9
12361 Motala",Sweden
401,Nilsson HB,"Skolvägen 7
41401 Uddevalla",Sweden
402,Nilsson Olofsson HB,"Strandvägen 5
48009 Alingsås",Sweden
403,Bergqvist Olausson HB,"Fabriksstigen 5
29977 Karlskoga",Sweden
404,Möller HB,"Skogsvägen 482
37653 Umeå",Sweden
405,Strandberg Nilsson AB,"Nyvägen 290
29561 Mölndal",Sweden
406,Hjalmarsson Östlund AB,"Trädgårdsvägen 61
42813 Örnsköldsvik",Sweden
407,Lundström & Gustafsson HB,"Björkstigen 31
88847 Piteå",Sweden
408,Svensson & Wikström AB,"Kyrkostigen 646
37820 Sundsvall",Sweden
409,Persson Hagström AB,"Järnvägsvägen 17
34726 Lund",Sweden
410,Olsson Gunnarsson HB,"Kvarnstigen 0
12357 Västerås",Sweden
411,Lindberg HB,"Aspgränd 29
32328 Motala",Sweden
412,Johansson Dahlgren AB,"Kvarngränd 94
23253 Piteå",Sweden
413,Åkesson AB,"Ekvägen 4
91610 Piteå",Sweden
414,Hellström HB,"Idrottsvägen 165
71176 Borlänge",Sweden
415,Carlsson & Hellberg AB,"Kvarnvägen 1
66656 Luleå",Sweden
416,Månsson Bergström HB,"Villavägen 7
70475 Östersund",Sweden
417,Gustafsson HB,"Strandstigen 5
90225 Ängelholm",Sweden
418,Johansson Nilsson HB,"Kvarnstigen 505
61753 Eskilstuna",Sweden
419,Carlsson Andersson HB,"Kyrkogatan 5
99664 Lund",Sweden
420,Johansson Eriksson HB,"Nygatan 37
98449 Helsingborg",Sweden
421,Sjöberg HB,"Kvarnstigen 3
50196 Nyköping",Sweden
422,Eriksson HB,"Kyrkgatan 6
89620 Luleå",Sweden
423,Olsson & Jakobsson AB,"Industrivägen 8
35070 Lidingö",Sweden
424,Paulsson AB,"Furuvägen 103
14798 Karlskoga",Sweden
425,Lundström HB,"Åkervägen 3
41427 Kalmar",Sweden
426,Johnsson Larsson HB,"Kvarnstigen 78
94185 Lund",Sweden
427,Viklund & Åkesson AB,"Ektorget 3
53129 Stockholm",Sweden
428,Söderlund Ottosson HB,"Järnvägsgatan 5
46054 Landskrona",Sweden
429,Berglund HB,"Skolgatan 0
36500 Piteå",Sweden
430,Jonsson HB,"Grangatan 074
12071 Kristianstad",Sweden
431,Nilsson Olsson AB,"Trädgårdsvägen 41
76927 Piteå",Sweden
432,Nilsson Nygren AB,"Järnvägsgatan 5
61963 Lidingö",Sweden
433,Andersson AB,"Villavägen 9
65512 Borlänge",Sweden
434,Eriksson AB,"Villagränd 0
51354 Växjö",Sweden
435,Arvidsson & Jakobsson AB,"Idrottsgatan 46
79604 Lidingö",Sweden
436,Nilsson AB,"Kyrkstigen 262
55591 Växjö",Sweden
437,Söderberg AB,"Gengatan 04
48175 Piteå",Sweden
438,Karlsson Lundin HB,"Åkertorget 5
88792 Umeå",Sweden
439,Andersson HB,"Furugatan 623
91367 Falun",Sweden
440,Blomqvist Andersson HB,"Backgränd 49
17958 Trelleborg",Sweden
441,Johansson & Mårtensson AB,"Åkergränd 48
77067 Mölndal",Sweden
442,Persson & Isaksson HB,"Idrottsvägen 4
21317 Nyköping",Sweden
443,Magnusson & Jönsson HB,"Skolgatan 82
25461 Varberg",Sweden
444,Börjesson Olausson AB,"Furustigen 48
95349 Karlskoga",Sweden
445,Gustafsson Jansson AB,"Parkgatan 568
72127 Lidingö",Sweden
446,Lundberg & Öberg AB,"Kyrkstigen 96
87569 Sundsvall",Sweden
447,Andersson AB,"Nyvägen 82
52346 Skövde",Sweden
448,Gustafsson & Arvidsson HB,"Trädgårdsgatan 14
68896 Stockholm",Sweden
449,Åberg Olausson HB,"Idrottsgränd 4
62186 Umeå",Sweden
450,Persson & Larsson AB,"Idrottsgatan 9
39011 Kristianstad",Sweden
451,Fransson Bengtsson HB,"Aspvägen 543
49619 Mölndal",Sweden
452,Gustafsson AB,"Åkervägen 645
52075 Ängelholm",Sweden
453,Axelsson Lindqvist AB,"Fabriksstigen 85
76342 Lidköping",Sweden
454,Björklund Gustafsson HB,"Järnvägsgatan 82
12438 Karlskrona",Sweden
455,Carlsson AB,"Järnvägsvägen 308
93651 Umeå",Sweden
456,Lindahl AB,"Järnvägstorget 0
48344 Örebro",Sweden
457,Hedlund & Berglund AB,"Storgatan 414
33323 Linköping",Sweden
458,Larsson HB,"Kyrkgatan 37
58417 Halmstad",Sweden
459,Jakobsson & Jonsson AB,"Ängsgatan 282
25332 Varberg",Sweden
460,Lindström Karlsson HB,"Asptorget 87
55240 Borås",Sweden
461,Blom & Persson HB,"Kyrkotorget 6
72341 Göteborg",Sweden
462,Lundström Knutsson HB,"Stationsgränd 225
56636 Trelleborg",Sweden
463,Persson HB,"Kyrkogatan 25
23510 Uppsala",Sweden
464,Johansson HB,"Trädgårdsvägen 9
37706 Landskrona",Sweden
465,Nilsson & Bergman HB,"Parkstigen 0
74359 Kalmar",Sweden
466,Nilsson Nilsson HB,"Skolgatan 949
77620 Halmstad",Sweden
467,Jönsson & Falk HB,"Furuvägen 402
90266 Jönköping",Sweden
468,Engström & Håkansson AB,"Backstigen 766
10092 Alingsås",Sweden
469,Nilsson & Karlsson AB,"Kvarnstigen 1
64199 Falun",Sweden
470,Andersson Gustafsson AB,"Industrigatan 8
92924 Sandviken",Sweden
471,Eriksson HB,"Skogsstigen 143
43500 Norrköping",Sweden
472,Nilsson AB,"Kyrkvägen 99
56416 Göteborg",Sweden
473,Ek Andersson HB,"Strandvägen 1
77923 Örebro",Sweden
474,Hedström AB,"Villagatan 997
93005 Örnsköldsvik",Sweden
475,Johansson Nordström AB,"Ringgatan 484
92463 Malmö",Sweden
476,Karlsson Sandberg AB,"Skolgatan 2
55107 Sandviken",Sweden
477,Karlsson Höglund AB,"Industritorget 800
10016 Linköping",Sweden
478,Lundgren & Holmberg HB,"Furustigen 722
34411 Sandviken",Sweden
479,Eriksson Henriksson HB,"Furugatan 4
13970 Västerås",Sweden
480,Högberg AB,"Kvarnstigen 93
15999 Varberg",Sweden
481,Andersson AB,"Ekstigen 1
59296 Skellefteå",Sweden
482,Karlsson Danielsson AB,"Skogsgatan 833
32980 Lidingö",Sweden
483,Isaksson HB,"Industritorget 938
42700 Lidingö",Sweden
484,Lundgren HB,"Strandgränd 894
71705 Eskilstuna",Sweden
485,Gustafsson Erlandsson AB,"Björkstigen 8
62406 Sandviken",Sweden
486,Nilsson & Nyberg AB,"Trädgårdsvägen 28
94016 Jönköping",Sweden
487,Larsson AB,"Industristigen 2
41385 Uddevalla",Sweden
488,Knutsson Eliasson AB,"Granvägen 5
14392 Malmö",Sweden
489,Nilsson Larsson HB,"Nyvägen 1
78371 Jönköping",Sweden
490,Gustafsson & Eriksson AB,"Ringstigen 731
51997 Mölndal",Sweden
491,Bergman AB,"Järnvägstorget 873
38422 Halmstad",Sweden
492,Gustafsson HB,"Trädgårdstorget 0
67708 Mölndal",Sweden
493,Olsson Bengtsson AB,"Fabriksgatan 8
48444 Karlskoga",Sweden
494,Forslund & Larsson AB,"Trädgårdstorget 63
21431 Uddevalla",Sweden
495,Lundberg AB,"Kyrkvägen 051
48298 Borlänge",Sweden
496,Mårtensson Johansson HB,"Parkgränd 98
14615 Lidingö",Sweden
497,Davidsson Karlsson AB,"Ringgatan 80
70527 Varberg",Sweden
498,Sjöberg Svensson HB,"Kyrktorget 2
12643 Lund",Sweden
499,Johansson HB,"Kyrkotorget 396
30143 Jönköping",Sweden
500,Pettersson Gunnarsson AB,"Parkgatan 3
78191 Västerås",Sweden
501,Johansson AB,"Kyrkvägen 22
86791 Eskilstuna",Sweden
502,Karlsson AB,"Backstigen 1
30025 Helsingborg",Sweden
503,Eklund Eriksson AB,"Industristigen 954
77100 Karlskoga",Sweden
504,Lindström AB,"Ängsgatan 240
81145 Nyköping",Sweden
505,Persson AB,"Ringgatan 249
17443 Motala",Sweden
506,Svensson AB,"Aspvägen 48
93669 Motala",Sweden
507,Karlsson HB,"Industritorget 810
16229 Östersund",Sweden
508,Sköld AB,"Skolgatan 15
84358 Varberg",Sweden
509,Karlsson & Jansson HB,"Stationstorget 0
93599 Luleå",Sweden
510,Söderlund Boman AB,"Nygränd 65
22089 Borlänge",Sweden
511,Ivarsson HB,"Parkstigen 422
46960 Falun",Sweden
512,Andersson AB,"Kyrkvägen 3
37642 Uppsala",Sweden
513,Nordström AB,"Fabriksvägen 08
63481 Gävle",Sweden
514,Forsberg Gustafsson AB,"Trädgårdsgatan 104
71241 Falun",Sweden
515,Nyström Persson AB,"Kyrkgränd 8
82479 Sundsvall",Sweden
516,Persson Hermansson AB,"Gengatan 823
27193 Södertälje",Sweden
517,Sjöström AB,"Parkgatan 75
36801 Linköping",Sweden
518,Eriksson Berglund AB,"Aspvägen 54
82433 Kristianstad",Sweden
519,Nilsson & Lundberg HB,"Parktorget 84
56573 Uppsala",Sweden
520,Johansson HB,"Ängstorget 146
37912 Borlänge",Sweden
521,Lindahl Larsson AB,"Grangränd 3
78801 Stockholm",Sweden
522,Johansson & Gunnarsson HB,"Björkstigen 10
99444 Trelleborg",Sweden
523,Lindqvist & Jonsson AB,"Ängsstigen 53
12442 Linköping",Sweden
524,Andersson & Berggren HB,"Granstigen 8
87722 Motala",Sweden
525,Karlsson Martinsson HB,"Parktorget 8
92583 Linköping",Sweden
526,Nygren Sundström AB,"Kvarngatan 15
73605 Malmö",Sweden
527,Karlsson & Olsson HB,"Ekgränd 192
73592 Halmstad",Sweden
528,Eklund & Samuelsson AB,"Idrottsgränd 9
10333 Uppsala",Sweden
529,Karlsson & Lundin HB,"Kvarnstigen 5
93731 Borlänge",Sweden
530,Svensson AB,"Grantorget 1
99924 Mölndal",Sweden
531,Karlsson AB,"Parkgatan 9
25328 Örebro",Sweden
532,Hansen AB,"Bäckgatan 21
83526 Stockholm",Sweden
533,Carlsson AB,"Skolvägen 90
19069 Norrköping",Sweden
534,Petersson HB,"Granstigen 422
85397 Alingsås",Sweden
535,Olsson & Pettersson AB,"Järnvägsgatan 41
86651 Piteå",Sweden
536,Johansson Eriksson HB,"Nyvägen 5
82708 Malmö",Sweden
537,Andersson AB,"Stationsvägen 846
83111 Växjö",Sweden
538,Bergström HB,"Skolgatan 02
88813 Lidköping",Sweden
539,Hermansson & Andersson HB,"Parkgränd 9
93438 Karlstad",Sweden
540,Hansson AB,"Fabrikstorget 8
76576 Alingsås",Sweden
541,Sandberg & Norberg AB,"Strandvägen 678
79124 Nyköping",Sweden
542,Haglund & Karlsson AB,"Ekgränd 365
41307 Trelleborg",Sweden
543,Hansson & Börjesson HB,"Skolvägen 833
65941 Landskrona",Sweden
544,Andersson & Holmström HB,"Ekstigen 25
23447 Karlskoga",Sweden
545,Andersson Nilsson HB,"Kyrkstigen 254
11299 Borlänge",Sweden
546,Eriksson HB,"Kyrkstigen 5
33147 Ängelholm",Sweden
547,Lindberg AB,"Storgränd 2
23293 Stockholm",Sweden
548,Pålsson & Andersson AB,"Bäcktorget 11
20851 Ängelholm",Sweden
549,Olsson HB,"Granstigen 566
91201 Alingsås",Sweden
550,Åström Sjöberg AB,"Granstigen 928
61562 Uppsala",Sweden
551,Larsson Abrahamsson AB,"Storvägen 4
45007 Falun",Sweden
552,Karlsson AB,"Kyrkgatan 13
83543 Varberg",Sweden
553,Eriksson HB,"Strandgatan 3
12405 Landskrona",Sweden
554,Lindell Gustafsson HB,"Bäckgränd 7
89306 Falun",Sweden
555,Lindström & Hellström HB,"Kyrkogatan 780
30790 Nyköping",Sweden
556,Svensson Persson AB,"Kyrkotorget 921
44100 Motala",Sweden
557,Karlsson & Pettersson HB,"Skolvägen 707
80160 Skövde",Sweden
558,Karlsson & Håkansson HB,"Ringgatan 85
44563 Norrköping",Sweden
559,Andersson AB,"Ekstigen 1
59296 Skellefteå",Sweden
560,Gunnarsson Johansson AB,"Stationsvägen 652
43972 Uddevalla",Sweden
561,Jakobsson Sjöberg AB,"Kyrkogränd 7
74854 Ängelholm",Sweden
562,Söderberg HB,"Kyrkvägen 1
36904 Lidköping",Sweden
563,Hansson AB,"Fabriksgränd 3
23559 Lidingö",Sweden
564,Karlsson HB,"Skolvägen 105
29427 Jönköping",Sweden
565,Ivarsson HB,"Furugatan 157
42302 Uddevalla",Sweden
566,Ståhl & Andersson AB,"Järnvägsgatan 6
40171 Eskilstuna",Sweden
567,Jönsson & Eklund HB,"Björktorget 68
98165 Karlstad",Sweden
568,Holmgren HB,"Ängsstigen 909
40637 Örnsköldsvik",Sweden
569,Stenberg AB,"Kyrkogatan 91
53181 Sundsvall",Sweden
570,Högberg HB,"Björkvägen 0
46287 Skellefteå",Sweden
571,Olausson & Sjöberg AB,"Skolstigen 8
31878 Lund",Sweden
572,Ekberg HB,"Trädgårdsstigen 260
85862 Trollhättan",Sweden
573,Nilsson & Boman AB,"Skolgatan 798
41916 Umeå",Sweden
574,Bengtsson & Lundgren AB,"Storgränd 6
20749 Eskilstuna",Sweden
575,Strömberg HB,"Ängstorget 62
31407 Trelleborg",Sweden
576,Eriksson Berglund AB,"Kvarngränd 249
26854 Skellefteå",Sweden
577,Johansson & Johansson HB,"Storvägen 5
14138 Nyköping",Sweden
578,Moberg AB,"Furustigen 77
92165 Karlskrona",Sweden
579,Karlsson Persson HB,"Stationsvägen 59
57235 Göteborg",Sweden
580,Johansson AB,"Skolstigen 46
66731 Gävle",Sweden
581,Danielsson & Ekman HB,"Björktorget 900
29799 Skövde",Sweden
582,Nilsson Karlsson AB,"Skogsstigen 78
41195 Kristianstad",Sweden
583,Svensson & Sjöberg AB,"Aspgatan 590
15214 Helsingborg",Sweden
584,Sjödin Johansson AB,"Kyrktorget 368
19343 Eskilstuna",Sweden
585,Friberg & Nyman AB,"Storgränd 96
19516 Sandviken",Sweden
586,Lilja Nilsson AB,"Idrottsgränd 114
15174 Alingsås",Sweden
587,Gustavsson HB,"Grangatan 7
82265 Falun",Sweden
588,Nilsson Berg AB,"Skolgatan 887
55422 Piteå",Sweden
589,Moberg HB,"Parkstigen 9
98231 Helsingborg",Sweden
590,Eklund Ekström AB,"Ekgatan 8
84559 Västerås",Sweden
591,Nilsson Nielsen AB,"Storgränd 3
71931 Stockholm",Sweden
592,Johansson HB,"Parkstigen 01
81516 Södertälje",Sweden
593,Andersson Larsson HB,"Trädgårdsgatan 136
23799 Piteå",Sweden
594,Karlsson AB,"Furugatan 223
78204 Östersund",Sweden
595,Lindström HB,"Stortorget 1
17620 Örebro",Sweden
596,Nilsson AB,"Stationstorget 5
30605 Uppsala",Sweden
597,Holmström & Olsson AB,"Nytorget 22
76526 Uddevalla",Sweden
598,Pettersson & Bengtsson AB,"Trädgårdsvägen 99
90119 Trelleborg",Sweden
599,Berg HB,"Fabriksgränd 952
19086 Karlskrona",Sweden
600,Lundberg Johansson AB,"Kyrkgränd 050
94662 Eskilstuna",Sweden
601,Larsson AB,"Furutorget 8
82768 Malmö",Sweden
602,Lindström HB,"Åkergatan 95
23207 Borlänge",Sweden
603,Berg Lundgren AB,"Skolvägen 5
25740 Östersund",Sweden
604,Eriksson HB,"Industrigatan 3
33060 Luleå",Sweden
605,Johansson Svensson AB,"Industrigatan 658
56228 Ängelholm",Sweden
606,Falk & Olsson AB,"Idrottsgränd 849
23056 Karlstad",Sweden
607,Johansson & Nordin AB,"Skogsvägen 84
13352 Helsingborg",Sweden
608,Klasson & Karlsson AB,"Gentorget 52
74832 Umeå",Sweden
609,Olsson AB,"Skolgränd 60
42457 Luleå",Sweden
610,Larsson & Nilsson HB,"Aspvägen 9
52053 Växjö",Sweden
611,Bäckström Larsson AB,"Björkgatan 8
96742 Borås",Sweden
612,Gustafsson Jansson AB,"Parkgatan 568
72127 Lidingö",Sweden
613,Lundgren Nilsson HB,"Skogsgatan 16
24966 Uddevalla",Sweden
614,Lindgren & Hedman HB,"Kyrkgatan 72
39574 Sundsvall",Sweden
615,Sjöström AB,"Parkgatan 96
85784 Södertälje",Sweden
616,Svensson Törnqvist HB,"Furugatan 885
36837 Kalmar",Sweden
617,Johansson Andersson HB,"Kyrkstigen 8
71484 Uddevalla",Sweden
618,Bergman & Nilsson AB,"Gentorget 2
10910 Sandviken",Sweden
619,Karlsson AB,"Ängsvägen 90
37524 Borlänge",Sweden
620,Nilsson AB,"Idrottsgatan 4
53248 Eskilstuna",Sweden
621,Persson & Karlsson HB,"Industrigränd 089
41384 Mölndal",Sweden
622,Lindgren AB,"Kyrkvägen 434
37757 Lidköping",Sweden
623,Nyberg HB,"Storvägen 110
74828 Alingsås",Sweden
624,Karlsson Carlsson AB,"Parkvägen 14
58127 Sundsvall",Sweden
625,Persson Ståhl HB,"Industrivägen 17
92259 Ängelholm",Sweden
626,Lundgren & Holm AB,"Ängsgatan 6
59071 Trelleborg",Sweden
627,Axelsson HB,"Nyvägen 668
55938 Helsingborg",Sweden
628,Bengtsson & Ivarsson HB,"Backgränd 395
11699 Karlstad",Sweden
629,Johansson & Samuelsson HB,"Skolvägen 16
36918 Karlstad",Sweden
630,Svensson HB,"Backgatan 7
70244 Piteå",Sweden
631,Lundgren HB,"Strandgränd 894
71705 Eskilstuna",Sweden
632,Martinsson Jönsson AB,"Genstigen 9
89646 Sundsvall",Sweden
633,Johansson AB,"Stationsgatan 4
40302 Västerås",Sweden
634,Bäckström Bengtsson HB,"Genvägen 22
50694 Uddevalla",Sweden
635,Persson & Nilsson AB,"Parkvägen 626
18291 Sandviken",Sweden
636,Eriksson & Lindgren AB,"Skoltorget 567
59106 Gävle",Sweden
637,Nord Persson HB,"Kvarnstigen 533
66286 Malmö",Sweden
638,Engström Hermansson HB,"Skogsgatan 273
70229 Karlskrona",Sweden
639,Johansson & Nilsson HB,"Björktorget 264
33423 Malmö",Sweden
640,Karlsson AB,"Åkervägen 4
63322 Borlänge",Sweden
641,Gustavsson Holmgren HB,"Kyrkvägen 5
69527 Karlskoga",Sweden
642,Palm & Andersson HB,"Strandvägen 11
39523 Uppsala",Sweden
643,Olsson AB,"Asptorget 80
30061 Borås",Sweden
644,Andersson & Gustafsson HB,"Skolvägen 153
21207 Lidköping",Sweden
645,Andersson AB,"Ekvägen 885
68653 Umeå",Sweden
646,Jansson & Olsson HB,"Industrigatan 3
98956 Ängelholm",Sweden
647,Nyman & Andreasson AB,"Stationsvägen 80
67338 Landskrona",Sweden
648,Gustafsson & Arvidsson HB,"Trädgårdsgatan 14
68896 Stockholm",Sweden
649,Johansson AB,"Järnvägstorget 3
73507 Östersund",Sweden
650,Lind Nilsson HB,"Åkervägen 26
60060 Mölndal",Sweden
651,Nilsson Nilsson HB,"Skolvägen 7
18540 Växjö",Sweden
652,Ekberg Norén HB,"Ängsvägen 32
39252 Sandviken",Sweden
653,Nilsson Larsson HB,"Kyrkovägen 5
52722 Jönköping",Sweden
654,Rosén Falk AB,"Asptorget 53
11108 Örebro",Sweden
655,Olsson & Lindahl HB,"Stationsgatan 4
70201 Norrköping",Sweden
656,Nilsson & Nordström AB,"Björkgatan 943
66862 Göteborg",Sweden
657,Johansson Björk HB,"Björkvägen 3
69127 Örnsköldsvik",Sweden
658,Persson Nilsson AB,"Furuvägen 957
96358 Östersund",Sweden
659,Linder AB,"Kyrkovägen 874
13201 Karlstad",Sweden
660,Nilsson & Karlsson HB,"Kvarnvägen 682
70911 Skövde",Sweden
661,Lindberg & Johansson HB,"Asptorget 2
56361 Uppsala",Sweden
662,Johansson & Engström HB,"Ängsgränd 211
92133 Malmö",Sweden
663,Nygren & Lundström HB,"Ängstorget 0
32640 Linköping",Sweden
664,Eriksson Axelsson HB,"Nygatan 8
24355 Skellefteå",Sweden
665,Karlsson & Danielsson AB,"Industristigen 797
15665 Umeå",Sweden
666,Engström Eriksson AB,"Stationsstigen 20
86740 Mölndal",Sweden
667,Nilsson HB,"Skolvägen 7
41401 Uddevalla",Sweden
668,Nilsson & Norman HB,"Furuvägen 029
66199 Norrköping",Sweden
669,Holm AB,"Kyrkotorget 9
59007 Lidköping",Sweden
670,Andersson Mårtensson AB,"Asptorget 432
40189 Helsingborg",Sweden
671,Svensson & Jonsson AB,"Trädgårdsgatan 7
41534 Halmstad",Sweden
672,Svensson HB,"Fabriksvägen 996
60747 Örebro",Sweden
673,Karlsson AB,"Skolvägen 0
47981 Sundsvall",Sweden
674,Johansson & Carlsson HB,"Skogsstigen 85
12892 Karlstad",Sweden
675,Roos & Johansson AB,"Kvarngatan 827
90890 Nyköping",Sweden
676,Johnsson AB,"Aspvägen 2
47102 Kristianstad",Sweden
677,Danielsson & Gustafsson HB,"Järnvägsgränd 7
38073 Lund",Sweden
678,Karlsson & Pettersson HB,"Villagränd 3
92321 Ängelholm",Sweden
679,Söderberg & Hansson AB,"Nygatan 5
43229 Piteå",Sweden
680,Gunnarsson AB,"Storvägen 470
44601 Karlstad",Sweden
681,Larsson & Sandberg AB,"Skogsgränd 9
46803 Kalmar",Sweden
682,Nilsson & Strand HB,"Björkvägen 20
12205 Skövde",Sweden
683,Eriksson AB,"Storstigen 58
57793 Gävle",Sweden
684,Nilsson & Lindgren AB,"Bäckgatan 05
43748 Borlänge",Sweden
685,Persson HB,"Ringgatan 61
52115 Kristianstad",Sweden
686,Lundberg & Lindgren AB,"Storstigen 75
63455 Malmö",Sweden
687,Lindahl HB,"Kyrkogränd 359
17392 Sundsvall",Sweden
688,Johansson & Bengtsson AB,"Genvägen 7
56559 Malmö",Sweden
689,Göransson & Vikström HB,"Fabriksgränd 5
72245 Lund",Sweden
690,Olsson & Lundmark HB,"Furugatan 29
50461 Motala",Sweden
691,Andersson & Åström HB,"Kvarngränd 39
60120 Södertälje",Sweden
692,Gustafsson AB,"Parktorget 259
93107 Jönköping",Sweden
693,Andersson HB,"Kvarngatan 54
38281 Malmö",Sweden
694,Lundqvist AB,"Kyrkgatan 7
51354 Lidingö",Sweden
695,Lindberg & Karlsson AB,"Furugatan 31
25256 Mölndal",Sweden
696,Höglund & Dahlgren AB,"Stationsstigen 7
59027 Nyköping",Sweden
697,Gustavsson & Olsson AB,"Granstigen 503
35195 Växjö",Sweden
698,Svensson Engström AB,"Villatorget 40
76352 Göteborg",Sweden
699,Hedlund & Jonsson AB,"Strandgatan 8
14591 Ängelholm",Sweden
700,Andersson Olsson AB,"Backvägen 75
31803 Örebro",Sweden
701,Karlsson Persson HB,"Industrigränd 98
80234 Trollhättan",Sweden
702,Karlsson Nilsson AB,"Åkervägen 251
36440 Göteborg",Sweden
703,Hansson HB,"Industrivägen 65
31861 Umeå",Sweden
704,Gustafsson Jonsson AB,"Åkervägen 85
45340 Helsingborg",Sweden
705,Karlsson Larsson AB,"Industrigatan 58
79782 Skellefteå",Sweden
706,Öberg & Ekberg HB,"Fabriksvägen 2
57564 Lidingö",Sweden
707,Nordin Friberg AB,"Skogsgatan 01
13308 Lidköping",Sweden
708,Fredriksson Svensson AB,"Strandgränd 037
58436 Trelleborg",Sweden
709,Malmberg AB,"Aspvägen 40
55489 Växjö",Sweden
710,Hjalmarsson HB,"Kyrkogatan 365
16545 Ängelholm",Sweden
711,Lundström HB,"Åkergränd 3
56070 Uppsala",Sweden
712,Svensson AB,"Nyvägen 415
88007 Luleå",Sweden
713,Ekberg Larsson AB,"Kyrkovägen 458
56106 Östersund",Sweden
714,Larsson Lundberg AB,"Fabriksgatan 625
15958 Varberg",Sweden
715,Johansson AB,"Fabriksgränd 3
29800 Karlskrona",Sweden
716,Johansson HB,"Gentorget 10
28057 Stockholm",Sweden
717,Olsson Larsson AB,"Villavägen 39
94876 Lidköping",Sweden
718,Olsson & Andersson AB,"Ekgatan 920
77444 Östersund",Sweden
719,Gustavsson AB,"Ringtorget 07
41254 Västerås",Sweden
720,Svensson & Lindgren AB,"Grangatan 842
44359 Umeå",Sweden
721,Andersson Björklund HB,"Kyrkovägen 1
25158 Ängelholm",Sweden
722,Johansson & Sjögren AB,"Kyrkgränd 6
63439 Gävle",Sweden
723,Svensson Erlandsson HB,"Asptorget 2
25648 Eskilstuna",Sweden
724,Larsson & Nilsson HB,"Aspgatan 1
56179 Halmstad",Sweden
725,Johansson Carlsson AB,"Aspvägen 46
38949 Skövde",Sweden
726,Johnsson & Andersson AB,"Idrottsgatan 8
73281 Södertälje",Sweden
727,Andersson & Lind AB,"Ängsgatan 248
57739 Varberg",Sweden
728,Lindén Andersson AB,"Parkvägen 427
82836 Norrköping",Sweden
729,Nilsson AB,"Parkgränd 243
95955 Gävle",Sweden
730,Andersson Bengtsson HB,"Strandgatan 7
89945 Sandviken",Sweden
731,Rantanen Tmi,"Fahlanderin puistokatu 05
67263 Äänekoski",Finland
732,Nyberg Ky,"Betonibulevardi 3
97660 Kuusamo",Finland
733,Valtonen Pulkkinen Oyj,"Waseniuksen puistokatu 21
25392 Alavieska",Finland
734,Salminen,"Wallinintie 141
81309 Pertunmaa",Finland
735,Huovinen,"Nelikkopolku 7
46244 Laitila",Finland
736,Perälä ry,"Rantavarastonkatu 009
51117 Joroinen",Finland
737,Hämäläinen Ketola Tmi,"Kolubulevardi 1
02559 Jokioinen",Finland
738,Turpeinen Oyj,"Willebrandinbulevardi 121
38808 Harjavalta",Finland
739,Salonen,"Vaarnapolku 40
56363 Miehikkälä",Finland
740,Salo Uotila Osk,"Hannukselankatu 971
82986 Hausjärvi",Finland
741,Rajala Lehto Osk,"Vesakkokuja 71
78905 Tornio",Finland
742,Koski,"Salakkatie 87
64570 Ruovesi",Finland
743,Lähteenmäki,"Ida Ekmanin tie 8
33116 Keitele",Finland
744,Räsänen Oyj,"Gunillankuja 29
78398 Uusikaarlepyy",Finland
745,Heinonen Hakkarainen Ky,"Urheilupolku 9
14822 Espoo",Finland
746,Valtonen Järvinen Oy,"Gneissikatu 50
77225 Kaustinen",Finland
747,Keskinen,"Dosentintie 3
89740 Kauniainen",Finland
748,Eriksson,"Lentokapteenin bulevardi 2
91532 Askola",Finland
749,Penttinen ry,"Kolubulevardi 3
74324 Kyyjärvi",Finland
750,Korhonen Varis As Oy,"Agricolankuja 6
08360 Ilomantsi",Finland
751,Oikarinen,"Bysantinkuja 862
35735 Saarijärvi",Finland
752,Kinnunen Oyj,"Kukkaniityntie 30
96535 Tuusula",Finland
753,Luoma Rantala Oyj,"Degermosankatu 9
25471 Ylivieska",Finland
754,Rinne ry,"Agnetanpolku 364
37961 Vesanto",Finland
755,Karlsson,"Ilvespolku 471
84347 Huittinen",Finland
756,Aalto ry,"Waseniuksen puistopolku 0
87644 Hamina",Finland
757,Viljanen,"Orastie 72
12927 Muurame",Finland
758,Hänninen Viljanen As Oy,"Orvokkibulevardi 5
85938 Pielavesi",Finland
759,Mäkinen Osk,"Disankuja 2
47783 Valtimo",Finland
760,Niiranen ry,"Tuomarinkylänbulevardi 6
19466 Pori",Finland
761,Nurminen Ky,"Fahlanderin puistobulevardi 0
33885 Perho",Finland
762,Turpeinen Saastamoinen Osk,"Pohjolantie 9
54630 Kristiinankaupunki",Finland
763,Kosonen,"Rapakivenbulevardi 708
84925 Haapajärvi",Finland
764,Rantanen,"Jämsänpolku 46
06004 Mynämäki",Finland
765,Nurminen Osk,"Haapabulevardi 17
84996 Puolanka",Finland
766,Niemelä Osk,"Runonlaulajankuja 3
89993 Jämsä",Finland
767,Salo,"Birger Kaipiaisen katu 05
25242 Kyyjärvi",Finland
768,Niskanen Konttinen Osk,"Winqvistinbulevardi 1
87546 Kaskinen",Finland
769,Kortelainen,"Tyynylaavanpolku 32
98542 Kolari",Finland
770,Salmi Tmi,"Ahdekaunokinkatu 35
90029 Tervola",Finland
771,Salminen Osk,"Mannerheiminbulevardi 2
01545 Kaavi",Finland
772,Lehtonen Pirinen Osk,"Iestie 414
64418 Siuntio",Finland
773,Virtanen Mäenpää Osk,"Kilpolanbulevardi 383
96028 Parainen",Finland
774,Lehtonen,"Taavinbulevardi 1
93772 Ristijärvi",Finland
775,Rauhala Ahonen Oyj,"Verkkotie 0
89324 Kökar",Finland
776,Kilpeläinen Lindqvist Osk,"Nils Westermarckin bulevardi 8
05753 Ypäjä",Finland
777,Hokkanen Laaksonen Oyj,"Uurtajanpolku 8
21368 Kyyjärvi",Finland
778,Karppinen Hautamäki Osk,"Kolvipolku 8
59530 Savukoski",Finland
779,Karhu Savolainen Oy,"Tukkisillankatu 907
68411 Hollola",Finland
780,Nyman Virtanen As Oy,"Saanatunturinkuja 0
18064 Kontiolahti",Finland
781,Takala,"Uudenkaupungintie 229
92342 Ypäjä",Finland
782,Lehtinen,"Agronominkuja 1
87614 Pertunmaa",Finland
783,Laitinen Mäki As Oy,"Ilkanbulevardi 55
25603 Taivalkoski",Finland
784,Salo Ky,"Louhenbulevardi 880
84109 Lapinlahti",Finland
785,Pitkänen Hietanen Tmi,"Nikontie 426
91591 Lumijoki",Finland
786,Kuusisto Pietilä Tmi,"Järkälekatu 2
42389 Kolari",Finland
787,Laaksonen ry,"Tukkisillanpolku 00
79357 Finström",Finland
788,Taipale Ky,"Rapolanbulevardi 3
38356 Utsjoki",Finland
789,Lehikoinen,"Fabianinkatu 932
02551 Mustasaari",Finland
790,Karhu Savolainen Oy,"Tukkisillankatu 907
68411 Hollola",Finland
791,Kuosmanen Lehtonen Oyj,"Veropellontie 71
23018 Sotkamo",Finland
792,Pesonen Lindholm Oy,"Fastbölentie 056
47554 Alavus",Finland
793,Ketola Vuori ry,"Ylä-Fallin bulevardi 0
57664 Huittinen",Finland
794,Sipilä Eriksson Ky,"Yrjö-Koskisen bulevardi 5
66003 Pello",Finland
795,Valtonen,"Walentin Chorellin katu 48
92016 Mikkeli",Finland
796,Aaltonen Tmi,"Mannerheiminbulevardi 650
82592 Pyhtää",Finland
797,Mäkinen Tikkanen Osk,"Agroksenbulevardi 18
10980 Geta",Finland
798,Matilainen Osk,"Agnetanbulevardi 28
88673 Kalajoki",Finland
799,Lepistö Ky,"Pohjolantie 250
53181 Rautjärvi",Finland
800,Hyvönen Eklund ry,"Fabianinkuja 9
99760 Ruokolahti",Finland
801,Mäkinen,"Versopolku 8
88180 Taivassalo",Finland
802,Rantala Tmi,"Nordenskiöldinpolku 2
94225 Kyyjärvi",Finland
803,Jalonen Salo Oyj,"Dagmarinpolku 055
41004 Pälkäne",Finland
804,Mäkelä Tmi,"Kolutie 97
49634 Muurame",Finland
805,Manninen Auvinen ry,"Gotlanninkatu 901
05778 Pöytyä",Finland
806,Ketola,"Pyörökivenbulevardi 7
34284 Lappajärvi",Finland
807,Ahonen,"Lemunpolku 663
89648 Heinävesi",Finland
808,Paavilainen,"Rapakiventie 924
60554 Somero",Finland
809,Hämäläinen,"Iltaruskonkatu 6
90634 Polvijärvi",Finland
810,Kivinen ry,"Runokylänpolku 4
16700 Siikainen",Finland
811,Kuusisto Turunen Oyj,"Gadolininkatu 48
69510 Kaskinen",Finland
812,Markkanen Harju As Oy,"Fahlanderin puistopolku 54
83085 Föglö",Finland
813,Kivimäki Oyj,"Lautamiehenkatu 877
67738 Pyhäjärvi",Finland
814,Virta Huotari Ky,"Taimistonkuja 846
62099 Pelkosenniemi",Finland
815,Ahola Osk,"Ostosbulevardi 41
58966 Pietarsaari",Finland
816,Rantanen,"Taimistonpolku 531
42447 Pietarsaari",Finland
817,Virtanen Osk,"Saanatunturinpolku 24
91894 Forssa",Finland
818,Leppänen Laakso Osk,"Kimalaisbulevardi 268
83447 Tampere",Finland
819,Kainulainen,"Poikasaartenpolku 764
57290 Somero",Finland
820,Alanko,"Lemunkuja 9
22799 Ruovesi",Finland
821,Heinonen,"Ahomäenpolku 145
54758 Pyhtää",Finland
822,Laakkonen Kosonen Ky,"Harakkamyllynkatu 7
08065 Rääkkylä",Finland
823,Liimatainen Koskela Oyj,"Rapolanpolku 312
75742 Lapinjärvi",Finland
824,Salmi Repo Oy,"Jänkätie 99
19421 Pello",Finland
825,Mäkelä,"Gneissitie 620
24970 Kustavi",Finland
826,Aaltonen Määttä As Oy,"Böstaksenbulevardi 9
19573 Petäjävesi",Finland
827,Palomäki ry,"Gadolininpolku 7
86774 Iitti",Finland
828,Hietala ry,"Maakatu 234
76614 Lumijoki",Finland
829,Savolainen,"Kimalaispolku 2
45322 Janakkala",Finland
830,Backman Jansson ry,"Saanatunturinbulevardi 1
92964 Savukoski",Finland
831,Oikarinen Ky,"Cygnaeuksentie 683
33251 Sulkava",Finland
832,Nyberg,"Ida Ekmanin bulevardi 12
25841 Siikalatva",Finland
833,Rissanen Keränen Osk,"Yrjö-Koskisen kuja 800
62596 Äänekoski",Finland
834,Eklund,"Usvakatu 1
90557 Virolahti",Finland
835,Takala Aaltonen Tmi,"Rantavarastonpolku 9
91926 Kaarina",Finland
836,Johansson,"Purjetuulenkatu 78
51463 Nakkila",Finland
837,Tuovinen Salminen Osk,"Järkälebulevardi 9
60330 Kerava",Finland
838,Rautiainen As Oy,"Niitynperänbulevardi 2
59131 Tammela",Finland
839,Salminen Kallio ry,"Rukopolku 47
56379 Pertunmaa",Finland
840,Heikkilä Tanskanen As Oy,"Ahdekaunokinpolku 66
36614 Kannus",Finland
841,Pennanen Salminen Tmi,"Rapolankuja 516
88916 Mynämäki",Finland
842,Laukkanen Välimäki Ky,"Laurinniitynkatu 420
01736 Akaa",Finland
843,Miettinen,"Tyynelänkatu 76
40456 Kaustinen",Finland
844,Johansson Oyj,"Yrjönpolku 888
18356 Keitele",Finland
845,Haavisto Salonen Tmi,"Edelfeltinkuja 3
80286 Pello",Finland
846,Karlsson Osk,"Gunnel Nymanin kuja 7
40982 Isojoki",Finland
847,Salonen Häkkinen ry,"Runokyläntie 9
06256 Uusikaupunki",Finland
848,Heikkinen Nurmi Ky,"Adolf Lindforsin polku 12
22783 Saltvik",Finland
849,Salonen Salonen Tmi,"Neulapadonbulevardi 76
15122 Halsua",Finland
850,Lehtonen Ikonen ry,"Orisaarenkatu 59
49516 Kannus",Finland
851,Hyvärinen Lampinen Oyj,"Ylipalonpolku 1
64502 Somero",Finland
852,Luukkonen Oy,"Fastbölenbulevardi 25
17555 Rääkkylä",Finland
853,Haavisto,"Degermosanpolku 7
26336 Kerava",Finland
854,Hämäläinen Sillanpää Oy,"Eduskuntabulevardi 67
03195 Kyyjärvi",Finland
855,Lindström Ky,"Agronominpolku 160
65824 Kirkkonummi",Finland
856,Jokinen,"Rukkilanpolku 324
86050 Pirkkala",Finland
857,Nylund Holm Oyj,"Gadolininkatu 82
51398 Nurmes",Finland
858,Karhu Väisänen Tmi,"Capellan puistobulevardi 3
91052 Tuusniemi",Finland
859,Kettunen Kosonen Oyj,"Ahomäentie 588
94514 Ulvila",Finland
860,Soininen Kettunen Oy,"Fallkullanbulevardi 57
45784 Lieksa",Finland
861,Nissinen Holopainen ry,"Gotlanninkuja 999
40319 Sievi",Finland
862,Karjalainen Honkanen Osk,"Usvapolku 91
13715 Urjala",Finland
863,Blomqvist Karjalainen Tmi,"Jälsitie 8
29248 Parainen",Finland
864,Lassila,"Purjetuulentie 161
39480 Uusikaupunki",Finland
865,Heikkinen As Oy,"Vanha Rajatie 42
66297 Leppävirta",Finland
866,Lindholm Osk,"Freesenbulevardi 581
38472 Halsua",Finland
867,Halme Ranta As Oy,"Puroniityntie 3
48614 Inkoo",Finland
868,Saarinen Pitkänen As Oy,"Runonlaulajankatu 73
94076 Muurame",Finland
869,Salminen,"Saramäentie 876
35020 Virolahti",Finland
870,Juntunen Korhonen Tmi,"Ylä-Fallin kuja 986
35753 Heinävesi",Finland
871,Miettinen Jäntti Ky,"Nervanderinbulevardi 413
39779 Turku",Finland
872,Kulmala Eriksson Ky,"Ilotulituskuja 9
39875 Halsua",Finland
873,Tuovinen Heikkinen Ky,"Böstaksenkatu 43
09392 Kaavi",Finland
874,Henriksson Pääkkönen ry,"Harakkamyllynkuja 261
66291 Pudasjärvi",Finland
875,Lehtonen Lahtinen Oyj,"Yrttimaanpolku 3
82036 Hyrynsalmi",Finland
876,Laukkanen Heikkilä Ky,"Ahdekaunokinbulevardi 68
06510 Perho",Finland
877,Leino Hiltunen Osk,"Mannerheiminkuja 083
11126 Uurainen",Finland
878,Harju As Oy,"Nervanderinpolku 5
94004 Kurikka",Finland
879,Niskanen,"Laajasalonkuja 05
04368 Pielavesi",Finland
880,Heikkilä Välimäki As Oy,"Kuhankeittäjänpolku 38
23297 Pyhtää",Finland
881,Jokinen Heinonen Ky,"Tyynylaavankatu 3
86801 Virrat",Finland
882,Heiskanen,"Harakkamyllynpolku 546
44567 Soini",Finland
883,Ahonen,"Walentin Chorellin kuja 2
18573 Jyväskylä",Finland
884,Kujala,"Yllästunturinbulevardi 799
73933 Föglö",Finland
885,Virtanen,"Bysantinkuja 9
74277 Pyhäntä",Finland
886,Tuovinen,"Haahkakatu 07
50689 Kolari",Finland
887,Lehtonen Lampinen Tmi,"Orastie 0
78050 Uusikaupunki",Finland
888,Salo As Oy,"Haakoninlahdenbulevardi 4
03051 Pukkila",Finland
889,Perälä ry,"Yrttimaanpolku 4
42912 Huittinen",Finland
890,Jokinen,"Urheilupolku 3
71310 Sysmä",Finland
891,Korhonen Oyj,"Kolvibulevardi 3
70135 Harjavalta",Finland
892,Mikkola,"Puuskabulevardi 0
41927 Paltamo",Finland
893,Karppinen Tmi,"Iestie 54
73874 Salo",Finland
894,Suomalainen Tmi,"Puroniitynkuja 87
73716 Heinola",Finland
895,Holmström Ojala Oyj,"Orapihlajapolku 74
17521 Siikainen",Finland
896,Eloranta Lindholm Ky,"Ostoskatu 1
14347 Pielavesi",Finland
897,Johansson Heinonen ry,"Agroksenbulevardi 8
54407 Veteli",Finland
898,Lahtinen Ky,"Nervanderinkuja 723
92204 Raahe",Finland
899,Kilpeläinen Alanko Oyj,"Immolantie 8
10730 Veteli",Finland
900,Peltonen Puranen Oy,"Orvokkibulevardi 47
15675 Ruovesi",Finland
901,Hämäläinen Oyj,"Saparontie 367
27995 Iitti",Finland
902,Lahtinen Vuori Oyj,"Rapolanpolku 5
16660 Ylöjärvi",Finland
903,Pitkänen,"Gunillantie 00
32186 Ranua",Finland
904,Rytkönen Lammi As Oy,"Gunillankatu 634
26937 Rovaniemi",Finland
905,Nousiainen,"Rantavarastonkatu 98
28351 Uurainen",Finland
906,Moilanen Matilainen ry,"Maasalonkatu 3
88016 Alajärvi",Finland
907,Lehto Paananen Oy,"Rantavarastonkatu 96
07076 Punkalaidun",Finland
908,Mäkinen,"Uskalikonkatu 454
00134 Leppävirta",Finland
909,Hämäläinen,"Orisaarenkatu 6
21246 Salo",Finland
910,Ahokas Jokela As Oy,"Iltaruskonbulevardi 884
59087 Eurajoki",Finland
911,Tolvanen Ky,"Puroniitynbulevardi 57
79565 Lemland",Finland
912,Nieminen Seppälä Tmi,"Ahdekaunokinbulevardi 3
21413 Sipoo",Finland
913,Uusitalo Oy,"Eerik Pyhän tie 423
68529 Juuka",Finland
914,Sillanpää Nevalainen As Oy,"Salakkabulevardi 802
72517 Kalajoki",Finland
915,Leskinen Huttunen Oy,"Puuskakuja 7
66006 Petäjävesi",Finland
916,Haavisto Oy,"Fahlanderin puistokatu 616
79050 Oulu",Finland
917,Viljanen Mäkelä Oy,"Castréninkatu 5
94057 Kittilä",Finland
918,Lehtonen Pirinen Osk,"Iestie 414
64418 Siuntio",Finland
919,Laine Vuorinen Ky,"Vesalanbulevardi 5
28608 Turku",Finland
920,Rantanen Järvinen Ky,"Porekuja 16
48011 Hyvinkää",Finland
921,Karjalainen Tmi,"Winqvistinkatu 845
64156 Alavus",Finland
922,Karjalainen Kinnunen Oy,"Fastbölenpolku 5
94005 Raahe",Finland
923,Mustonen Rintala Ky,"Harakkamyllynpolku 7
60242 Hammarland",Finland
924,Peltola Leino Oy,"Kimalaisbulevardi 31
39102 Seinäjoki",Finland
925,Huttunen Laukkanen Tmi,"Yrttimaankatu 45
07544 Luoto",Finland
926,Leppänen Tmi,"Rukopolku 7
15194 Pietarsaari",Finland
927,Liimatainen As Oy,"Haaksikatu 04
86597 Kiuruvesi",Finland
928,Salmela Oy,"Biologinpolku 54
59150 Hollola",Finland
929,Huhtala Järvi Oyj,"Runebergintie 529
72096 Pedersören kunta",Finland
930,Hänninen,"Tahtikatu 586
91990 Nurmijärvi",Finland
931,Heikkilä Salminen Tmi,"Orisaarenpolku 7
10881 Ii",Finland
932,Riikonen Tuominen Osk,"Nervanderinpolku 1
21887 Mänttä-Vilppula",Finland
933,Nykänen Tmi,"Ylipalonkatu 76
46294 Oripää",Finland
934,Martikainen,"Tyynylaavankuja 891
38295 Kalajoki",Finland
935,Eskelinen Pelkonen Osk,"Sahaajanpolku 47
74443 Ylitornio",Finland
936,Heikkinen,"Tyynelänpolku 0
19572 Rääkkylä",Finland
937,Leppänen Ky,"Vesalankuja 7
69370 Värdö",Finland
938,Vesterinen Karppinen Ky,"Betleheminpolku 75
54783 Mäntyharju",Finland
939,Hyvärinen Oy,"Ostoskatu 610
93280 Leppävirta",Finland
940,Peltonen,"Ilkantie 6
55664 Tuusniemi",Finland
941,Pesonen Pitkänen Oy,"Uudenkaupungintie 924
37844 Oripää",Finland
942,Alanko Lindqvist Tmi,"Gustav Pauligin tie 74
52640 Pöytyä",Finland
943,Niemi Lampinen Oyj,"Edelfeltinpolku 7
56554 Lestijärvi",Finland
944,Koskinen,"Rantavarastonbulevardi 784
95231 Kemiönsaari",Finland
945,Toivanen,"Nordenskiöldinkuja 3
05978 Sonkajärvi",Finland
946,Väänänen,"Adolf Lindforsin tie 570
73973 Kuortane",Finland
947,Helin As Oy,"Cygnaeuksentie 798
19163 Kirkkonummi",Finland
948,Lepistö Oyj,"Uurtajantie 84
49897 Uusikaupunki",Finland
949,Koistinen,"Runoilijankatu 86
68937 Asikkala",Finland
950,Mäkelä,"Neulapadonkatu 7
84463 Keuruu",Finland
951,Hämäläinen Leppänen ry,"Walentin Chorellin tie 9
83474 Sievi",Finland
952,Kuusisto,"Kukkaniitynkuja 2
79960 Pyhäjärvi",Finland
953,Räty As Oy,"Harakkamyllynpolku 88
54142 Utsjoki",Finland
954,Aho,"Ostostie 48
36579 Kaustinen",Finland
955,Aaltonen,"Uskalikonkatu 564
43189 Pyhäjoki",Finland
956,Lappalainen Kankaanpää Tmi,"Tyyneläntie 781
77020 Tampere",Finland
957,Vuori Lindström ry,"Rapolantie 9
90681 Padasjoki",Finland
958,Seppä Saari As Oy,"Orapihlajabulevardi 29
42417 Hollola",Finland
959,Jussila Osk,"Uunilinnunpolku 7
76187 Puolanka",Finland
960,Mäkinen Salminen Osk,"Hankasuonpolku 98
78936 Aura",Finland
961,Tiainen Räsänen Oy,"Kiitäjänkatu 503
22176 Veteli",Finland
962,Savolainen Lappalainen As Oy,"Niittylänpolku 68
20223 Tohmajärvi",Finland
963,Valkama Kuusela Oy,"Freesenpolku 9
74473 Pelkosenniemi",Finland
964,Niiranen ry,"Tuomarinkylänbulevardi 6
19466 Pori",Finland
965,Vainio,"Gneissitie 91
35364 Hollola",Finland
966,Miettinen Heikkinen Ky,"Ylä-Fallin kuja 83
78876 Outokumpu",Finland
967,Ollikainen Karhunen Ky,"Fallinbulevardi 594
52001 Pelkosenniemi",Finland
968,Lehtinen As Oy,"Betonitie 8
96551 Sipoo",Finland
969,Holopainen Mikkonen Osk,"Döbelnintie 261
24328 Rautjärvi",Finland
970,Sirviö Heikkinen Oyj,"Rukkilantie 31
19974 Kyyjärvi",Finland
971,Soininen Määttä Oyj,"Wallininkuja 4
53101 Ilmajoki",Finland
972,Heikkinen Karjalainen Tmi,"Franzéninbulevardi 00
75094 Maalahti",Finland
973,Lahtinen,"Laurinniitynkatu 2
04473 Vaasa",Finland
974,Luukkonen Tmi,"Oravakatu 44
86012 Ii",Finland
975,Mustonen,"Ahvenkoskentie 3
23927 Nokia",Finland
976,Kinnunen,"Orvokkikatu 30
47846 Tohmajärvi",Finland
977,Hietala Mäenpää Ky,"Betleheminbulevardi 503
36374 Koski Tl",Finland
978,Kokkonen Kuosmanen Tmi,"Neulapadonkatu 3
67196 Hammarland",Finland
979,Nieminen Kinnunen Oy,"Mannerheiminkatu 42
52395 Kruunupyy",Finland
980,Mikkola As Oy,"Disantie 439
34792 Äänekoski",Finland
981,Koskinen,"Agronominkatu 982
28168 Kärkölä",Finland
982,Kyllönen Osk,"Yrjö-Koskisen polku 51
54113 Luoto",Finland
983,Saarinen As Oy,"Saparonbulevardi 2
11422 Merikarvia",Finland
984,Järvinen,"Jättiläisenkatu 21
31016 Pielavesi",Finland
985,Hartikainen Korhonen As Oy,"Dagmarinkatu 159
86350 Rantasalmi",Finland
986,Autio Oy,"Kimalaiskatu 237
51295 Utajärvi",Finland
987,Laaksonen Osk,"Eljaksenbulevardi 31
69693 Pello",Finland
988,Leinonen ry,"Nikonkuja 90
43467 Nousiainen",Finland
989,Hakkarainen Laine As Oy,"Lepolantie 9
63589 Uurainen",Finland
990,Hyvärinen,"Kolvikuja 362
45459 Pornainen",Finland
991,Rantanen Koponen Tmi,"Harbonkatu 4
70763 Iisalmi",Finland
992,Kosonen Uusitalo As Oy,"Urpubulevardi 74
52473 Perho",Finland
993,Taskinen Turunen ry,"Ormusbulevardi 04
73015 Mustasaari",Finland
994,Keskinen,"Laajasalontie 38
70202 Pyhäjoki",Finland
995,Simola Tmi,"Agnetankuja 058
85855 Kitee",Finland
996,Hiltunen Mäki ry,"Willebrandinbulevardi 7
21176 Rauma",Finland
997,Tolvanen,"Veropellontie 668
69428 Korsnäs",Finland
998,Kari Osk,"Haahkapolku 85
34417 Kannonkoski",Finland
999,Ronkainen Saarinen Tmi,"Yhteiskoulunbulevardi 629
37803 Sysmä",Finland
1000,Hyvönen Suhonen Oyj,"Eerik Pyhän polku 265
15117 Raahe",Finland
