MedarbejderID,Fornavn,Efternavn,Email
1,Debra,Rivera,zhebert@example.org
2,Joanna,Padilla,fmueller@example.net
3,Sandra,Davis,bmatthews@example.org
4,Brittany,Miller,jillrodriguez@example.org
5,Abigail,White,bradley87@example.com
6,Dalton,Owen,ksanchez@example.net
7,Thomas,Hawkins,gramirez@example.net
8,Marilyn,Anderson,chiggins@example.net
9,Karen,Woods,vmiles@example.com
10,Melissa,Johnston,frankcaroline@example.net
11,Ryan,Crawford,megan17@example.org
12,Alicia,Shaw,gvargas@example.org
13,William,Long,kelleysamantha@example.net
14,Robert,Warren,sullivanjoe@example.org
15,Charles,Chambers,andersonpatricia@example.com
16,Paul,Wilson,claytonkaren@example.com
17,Anthony,Odom,gregglopez@example.com
18,Ryan,Oconnor,dana57@example.org
19,Janice,Gibson,warnersteven@example.org
20,Amy,Johnson,ballen@example.org
21,Karina,Johnson,keithjoseph@example.com
22,John,King,rhogan@example.net
