KundeID,Navn,Email,Adresse
1,Erin Noble,lanedavid@example.com,"90311 Christina Court
West Rebeccabury, SC 98802"
2,Larry Warren,qstewart@example.com,"98319 Darren Lock Suite 835
Joneston, SC 04806"
3,Darlene Mckinney,stokessarah@example.net,"Unit 8496 Box 6140
DPO AE 63272"
4,Noah Valdez,johnsonerika@example.org,"USNS Cooper
FPO AA 76976"
5,Lori Patterson,shannon39@example.com,"820 Travis Ports Suite 103
South Danielle, IL 48934"
6,Michael Lewis,wardsarah@example.org,"USNV Rios
FPO AE 55116"
7,Kenneth Cruz,ashleyadams@example.net,"1339 Cheryl Field Suite 865
South Ericborough, SC 86640"
8,Robert Norton,jennifer37@example.com,"Unit 7891 Box 0585
DPO AP 63793"
9,Chad Blair,deborahterry@example.net,"488 Whitney Vista Suite 745
Jonathanview, OK 01010"
10,Dwayne English,daniel38@example.org,"Unit 6215 Box 7107
DPO AA 91000"
11,Catherine Wilcox,berrydaniel@example.org,"74562 Kevin Forges Suite 400
Jenniferton, LA 59750"
12,Nathan Miller,rileykevin@example.net,"863 Devin Station Suite 129
Thomastown, FL 28578"
13,Omar Lawson,rodriguezashley@example.org,"855 Jones Bridge
Danatown, DC 17286"
14,Alyssa Wilson,evelyn89@example.com,"4804 Pace Mews Apt. 740
Deannaport, MO 01666"
15,David Carr,sandovallee@example.net,"5809 Freeman Gardens
Cainbury, DE 95403"
16,Gregory Cruz,williamskevin@example.com,"95536 Lewis Inlet Suite 750
West Bethanyberg, KY 19102"
17,Leah Williams,zcampbell@example.org,"1308 Cindy Stravenue Apt. 065
Stewartville, ID 47690"
18,Felicia Velasquez,hwilliams@example.com,"7648 Cuevas Groves Suite 484
Greenberg, NC 72887"
19,Lee Lewis,jordan66@example.com,"3646 Jones Mill
New Davidstad, KY 46587"
20,John James,psmith@example.net,"5799 Snyder Manor
East Peter, WI 11010"
21,Cynthia Arnold,jennifer44@example.com,"6797 Ferrell Wall Apt. 029
East Erin, MD 89318"
22,Joseph Bernard,umartinez@example.org,"965 John Glen Suite 357
North Stephanie, PR 49175"
23,Tina Parks,douglashatfield@example.com,"9501 Gilmore Summit Suite 079
Heidibury, HI 92863"
24,Zachary Newman,meyerschristina@example.com,"14265 Adam Squares
East Sarahview, WV 64301"
25,Patrick Taylor,lopezchristine@example.org,"6696 Mathew Mills
Coxville, NE 45230"
26,Miranda Navarro,ruth92@example.org,"Unit 0923 Box 4824
DPO AA 57212"
27,Michael Smith,sarah83@example.net,"203 Riley Plains Suite 451
Burtonfurt, MN 15950"
28,Thomas Jones,zacharyparker@example.com,"346 Gonzalez Rapids Suite 892
Mayertown, DC 62267"
29,Lori Humphrey,natalie65@example.org,"884 Bell Landing
Christineshire, AK 52668"
30,Jeffrey Ross,claudia77@example.net,"3848 Dunn Plaza Suite 979
Jessicafort, GA 48074"
31,Tyler Nielsen,jennifer80@example.org,"8728 Daniel Fort
East Ashleyhaven, GU 64397"
32,Steven Hughes,david67@example.com,"USCGC Finley
FPO AP 50318"
33,Laura Brown,larrylowe@example.net,"39707 James Crossing
Lisaborough, IL 57209"
34,Shelby Pena,lauren45@example.com,"44576 White Fields
Schroedermouth, PW 73706"
35,Michael Boyd,dsummers@example.com,"04869 Robertson Club Apt. 282
Samuelside, GA 95097"
36,John Carson,lopezelizabeth@example.com,"686 Davis Garden
Port Deborahbury, NH 58005"
37,Sara Fuller,michaelcole@example.net,"47132 Michael Ridge
Krystalborough, OR 94116"
38,Mariah Thompson,smithtanya@example.com,"1178 Jason Track
Deleontown, ND 94733"
39,Catherine Patterson,imendoza@example.com,"8354 Fisher Ford Apt. 632
South Tina, SD 43236"
40,Christopher Wise PhD,eherring@example.net,"615 Macias Plains
Port Jennifer, MH 39224"
41,Andrew Arias,williamsashley@example.net,"9695 Miller Gardens Apt. 240
Johnsonfurt, ND 71147"
42,Caitlyn Kramer,michaellong@example.org,"51595 Richard Parkway Suite 980
Timothychester, CO 03722"
43,Amber Hernandez,cabrerajohn@example.net,"446 Kevin Inlet
Shawnview, SC 37816"
44,Cynthia Jones,wilsontara@example.net,"199 Collins Haven
New Jamie, FM 82985"
45,Kelly Contreras,stevenschwartz@example.com,"4395 Clinton Forest Apt. 093
Port Michaelfort, IA 77961"
46,Matthew Mccarthy,ycameron@example.com,"9096 Matthew Knolls Apt. 546
New Christineland, KS 66306"
47,Linda Turner,richard65@example.org,"47062 Stone Points
Johnport, AZ 82203"
48,Ann Pittman,jacob44@example.net,"032 Hayden View
West Jacqueline, IL 56978"
49,Paula Thompson,alicia98@example.org,"0591 Ortiz Street Suite 179
Ellisonchester, SC 86174"
50,Ryan Dyer,tamaraedwards@example.org,"USCGC Diaz
FPO AE 55956"
51,Margaret Gonzalez,scamacho@example.com,"4255 Frank Light
New Ivan, OK 30758"
52,Kyle Lozano,rosemichael@example.org,"6357 Preston Mission Suite 348
West Rachel, KY 75003"
53,Mary Mitchell,lewisaustin@example.org,"371 Julie Villages Suite 032
Stevenview, WV 39495"
54,Julie Martin,paulwashington@example.net,"043 Victoria Manor Apt. 561
Douglasland, CO 21938"
55,Jeffrey Gray,chelsey11@example.com,"7148 Nicole Rapid Apt. 292
Elliottside, MD 74738"
56,Christopher Coffey,elizabeth76@example.org,"67838 Stokes Squares Suite 934
North Kelsey, FL 60678"
57,Timothy Mccall,david41@example.net,"696 Maldonado Mountains Apt. 072
Elizabethland, IN 14359"
58,Jason May,floresdebra@example.org,"758 Kim Islands
North George, WA 32932"
59,Christina Jones,xhernandez@example.org,"94898 Bailey Common Apt. 702
Jessicafort, CA 51763"
60,Gregory Lopez,russobecky@example.org,"1538 Sharon Springs Suite 168
North Joanne, MT 44593"
61,Kimberly Reynolds,whitestacey@example.org,"423 Bobby Stravenue Suite 460
Barretttown, UT 21331"
62,Kristin Cardenas,adam23@example.com,"638 Robert Parkway Apt. 848
Lake Samanthaport, AL 58959"
63,Andrea Young,bennettkaitlin@example.net,"345 King Drives Apt. 712
Lake Ruth, TX 66397"
64,Cole Clay,ricevickie@example.com,"17610 Cynthia Garden
Eatonfort, PA 35527"
65,Morgan Hall,bradleycampbell@example.net,"3632 William Trail
South Kimberlybury, ND 20739"
66,Mitchell Wilson DDS,jessica04@example.org,"6215 Catherine Tunnel Apt. 299
Kurtmouth, VI 96784"
67,Caitlin Mitchell,kathleendean@example.org,"82873 Ellen Row Suite 381
Lake Loriport, NY 61230"
68,William Davis,stacyobrien@example.com,"62706 Randall Roads
Lake Jesseside, IN 04132"
69,Timothy Hernandez,bowmanryan@example.org,"583 Ortega Pass Apt. 880
Lake Larryland, ND 42420"
70,Jose Roberson,johnpatterson@example.com,"USNS Williams
FPO AP 63519"
71,Mrs. Erica Bender DDS,jordanrandall@example.net,"0642 Salinas Brooks Apt. 204
South Christopher, FM 74362"
72,Ernest Gray MD,wilsonderek@example.com,"059 Horn Pike
North Kevinmouth, DC 69488"
73,Brittany Hatfield,wcampbell@example.net,"576 Gomez Extensions
New Alexanderfort, SC 36247"
74,William Romero,brownangela@example.com,"4527 Kevin Villages Suite 967
Jodihaven, ME 18581"
75,Adrian Garcia,jacob99@example.net,"9891 David Ville
Andradetown, GU 94412"
76,Shannon Williams,christopher03@example.net,"19125 Pruitt Manors Suite 815
Brownmouth, NJ 46326"
77,Kelly Williams,watsontammy@example.net,"5748 James Viaduct
Dianabury, PA 63538"
78,Ronald Pacheco,smithteresa@example.com,"1345 Richardson Forges Apt. 166
Benjaminport, DE 55619"
79,Randy Johnson,jasonknapp@example.org,"270 Christine Fords Apt. 361
Markshaven, PR 20871"
80,Jeffrey Bryant,huntertiffany@example.net,"8648 Joseph Keys
Lake Lisa, AL 33641"
81,Allison Brown,jerry59@example.org,"835 Barajas Well
Robertton, DC 27291"
82,Melissa Rivera,claudia67@example.org,"697 Susan Corner
West David, HI 61876"
83,Stephen Hooper,wadesandra@example.net,"4183 Werner Square Apt. 580
New Dianafort, ME 85057"
84,Christopher Andrews,michaelfreeman@example.org,"192 Mitchell Roads
Lake Sierra, NJ 09506"
85,Kevin Castro,imcpherson@example.com,"7333 Stewart Locks Apt. 373
New Maria, NV 63644"
86,Kevin Thomas,michaelgreen@example.net,"366 Fernandez Harbors Apt. 153
South Christopher, MT 27877"
87,Stephen Barnett,joseph74@example.com,"97843 Ann Estates
North Williamberg, NC 32721"
88,Jennifer Cox,gwalker@example.net,"706 Rowland Ford
New Jordan, SC 06887"
89,Charles Harper,rgarrett@example.org,"95979 Laura Landing
Juliamouth, NE 72430"
90,Joshua Beck,tjenkins@example.org,"60679 Williams Port Apt. 435
West Sarah, DC 33282"
91,Mrs. Kelli Gordon,woodardamanda@example.com,"1356 Natalie Village
Suzannemouth, AZ 69808"
92,Leslie Hawkins,tlutz@example.com,"82202 Brittany Crossing
New Anthonyport, PR 14827"
93,Elizabeth Johnson,owenlisa@example.org,"794 Scott Wells Suite 377
Meganview, IN 56798"
94,Kristina Marquez DVM,kmartin@example.net,"296 Theresa Centers Suite 827
Port Jessicahaven, SC 23360"
95,Thomas Quinn,kelsey47@example.net,"344 Evans Brook
New Michelleville, MT 89039"
96,Amy Davis,lauren92@example.com,"8027 Thomas Spring Apt. 025
Lisaland, MP 89209"
97,James Villarreal,vmaxwell@example.org,"266 Michael Extension Apt. 691
Phillipsside, NM 87106"
98,Cynthia Jones,davismark@example.org,"USNV Stewart
FPO AE 15404"
99,Mary Sexton,russellsmith@example.org,"4592 Michael Ranch
Port Elizabeth, MI 37465"
100,Robert Jones,davisjacqueline@example.net,"052 Amanda Path Apt. 676
Donaldland, UT 95809"
