ProduktID,Navn,Pris,Lagerstatus
1,incentivize next-generation relationships,83.08,22
2,extend dynamic solutions,69.71,63
3,embrace visionary niches,97.67,38
4,redefine bricks-and-clicks solutions,66.33,72
5,leverage 24/365 vortals,94.34,71
6,benchmark one-to-one relationships,28.91,87
7,harness intuitive metrics,54.58,52
8,harness innovative schemas,69.14,59
9,maximize rich web services,13.75,100
10,expedite world-class systems,13.7,5
11,embrace dot-com infrastructures,20.97,0
12,morph synergistic e-markets,45.94,4
13,envisioneer intuitive web services,91.1,92
14,scale dot-com vortals,70.62,17
15,extend next-generation methodologies,33.21,14
16,grow front-end e-services,14.07,14
17,iterate open-source convergence,68.16,35
18,harness impactful eyeballs,99.08,9
19,synthesize strategic e-tailers,38.82,55
20,transform transparent platforms,19.35,76
